⚠ [3087/3096] Replayed Harsanyi.Core.Basic
warning: Harsanyi/Core/Basic.lean:30:8: automatically included section variable(s) unused in theorem `Harsanyi.interaction_empty`:
  [DecidableEq α]
consider restructuring your `variable` declarations so that the variables are not in scope or explicitly omit them:
  omit [DecidableEq α] in theorem ...

Note: This linter can be disabled with `set_option linter.unusedSectionVars false`
warning: Harsanyi/Core/Basic.lean:33:8: automatically included section variable(s) unused in theorem `Harsanyi.reconstruct_empty`:
  [DecidableEq α]
consider restructuring your `variable` declarations so that the variables are not in scope or explicitly omit them:
  omit [DecidableEq α] in theorem ...

Note: This linter can be disabled with `set_option linter.unusedSectionVars false`
warning: Harsanyi/Core/Basic.lean:36:8: automatically included section variable(s) unused in theorem `Harsanyi.centered_empty`:
  [DecidableEq α]
consider restructuring your `variable` declarations so that the variables are not in scope or explicitly omit them:
  omit [DecidableEq α] in theorem ...

Note: This linter can be disabled with `set_option linter.unusedSectionVars false`
warning: Harsanyi/Core/Basic.lean:39:0: automatically included section variable(s) unused in theorem `Harsanyi.interaction_congr`:
  [DecidableEq α]
consider restructuring your `variable` declarations so that the variables are not in scope or explicitly omit them:
  omit [DecidableEq α] in theorem ...

Note: This linter can be disabled with `set_option linter.unusedSectionVars false`
⚠ [3089/3096] Replayed Harsanyi.Core.Properties
warning: Harsanyi/Core/Properties.lean:7:0: automatically included section variable(s) unused in theorem `Harsanyi.interaction_add`:
  [DecidableEq α]
consider restructuring your `variable` declarations so that the variables are not in scope or explicitly omit them:
  omit [DecidableEq α] in theorem ...

Note: This linter can be disabled with `set_option linter.unusedSectionVars false`
warning: Harsanyi/Core/Properties.lean:11:0: automatically included section variable(s) unused in theorem `Harsanyi.interaction_sub`:
  [DecidableEq α]
consider restructuring your `variable` declarations so that the variables are not in scope or explicitly omit them:
  omit [DecidableEq α] in theorem ...

Note: This linter can be disabled with `set_option linter.unusedSectionVars false`
warning: Harsanyi/Core/Properties.lean:15:0: automatically included section variable(s) unused in theorem `Harsanyi.interaction_smul`:
  [DecidableEq α]
consider restructuring your `variable` declarations so that the variables are not in scope or explicitly omit them:
  omit [DecidableEq α] in theorem ...

Note: This linter can be disabled with `set_option linter.unusedSectionVars false`
warning: Harsanyi/Core/Properties.lean:19:8: automatically included section variable(s) unused in theorem `Harsanyi.interaction_zero`:
  [DecidableEq α]
consider restructuring your `variable` declarations so that the variables are not in scope or explicitly omit them:
  omit [DecidableEq α] in theorem ...

Note: This linter can be disabled with `set_option linter.unusedSectionVars false`
warning: Harsanyi/Core/Properties.lean:75:0: automatically included section variable(s) unused in theorem `Harsanyi.interaction_relabel`:
  [DecidableEq α]
consider restructuring your `variable` declarations so that the variables are not in scope or explicitly omit them:
  omit [DecidableEq α] in theorem ...

Note: This linter can be disabled with `set_option linter.unusedSectionVars false`
⚠ [3090/3096] Replayed Harsanyi.Core.Shapley
warning: Harsanyi/Core/Shapley.lean:63:30: This simp argument is unused:
  empty_mem_powerset

Hint: Omit it from the simp argument list.
  simp [Finset.sum_ite_eq',̵ ̵e̵m̵p̵t̵y̵_̵m̵e̵m̵_̵p̵o̵w̵e̵r̵s̵e̵t̵]

Note: This linter can be disabled with `set_option linter.unusedSimpArgs false`
✔ [3092/3119] Built Batteries.Logic:c.o (135ms)
✔ [3101/3764] Built Mathlib.Tactic.Linter.HashCommandLinter:c.o (350ms)
✔ [3102/3764] Built Mathlib.Tactic.DeclarationNames:c.o (366ms)
✔ [3103/3764] Built Batteries.Tactic.Unreachable:c.o (264ms)
✔ [3104/3764] Built Mathlib.Data.Nat.Notation:c.o (228ms)
✔ [3105/3834] Built Mathlib.Tactic.Linter.DocPrime:c.o (479ms)
✔ [3106/3834] Built Mathlib.Tactic.Linter.OldObtain:c.o (367ms)
✔ [3107/3834] Built Mathlib.Init:c.o (288ms)
✔ [3108/3834] Built Mathlib.Tactic.Lemma:c.o (349ms)
✔ [3109/3834] Built Mathlib.Tactic.TypeStar:c.o (319ms)
✔ [3110/3834] Built Mathlib.Data.Array.Defs:c.o (335ms)
✔ [3111/3834] Built Mathlib.Lean.Expr.ReplaceRec:c.o (307ms)
✔ [3112/4557] Built Mathlib.Tactic.Linter.GlobalAttributeIn:c.o (577ms)
✔ [3113/4557] Built Mathlib.Tactic.ToAdditive:c.o (139ms)
✔ [3114/5183] Built Mathlib.Tactic.Eqns:c.o (458ms)
✔ [3115/5183] Built Mathlib.Data.String.Defs:c.o (273ms)
✔ [3116/5183] Built Mathlib.Algebra.Regular.Defs:c.o (142ms)
✔ [3117/5183] Built Mathlib.Data.Int.Notation:c.o (192ms)
✔ [3118/5653] Built Mathlib.Tactic.Linter.UnusedTacticExtension:c.o (695ms)
✔ [3119/5653] Built Batteries.Lean.Meta.Inaccessible:c.o (641ms)
✔ [3120/5653] Built Mathlib.Util.MemoFix:c.o (570ms)
✔ [3121/5653] Built Mathlib.Algebra.Notation.Defs:c.o (293ms)
✔ [3122/5653] Built Mathlib.Data.Nat.BinaryRec:c.o (267ms)
✔ [3123/5917] Built Mathlib.Tactic.Linter.DeprecatedSyntaxLinter:c.o (956ms)
✔ [3124/5917] Built Mathlib.Tactic.Linter.DocString:c.o (862ms)
✔ [3125/5917] Built Mathlib.Lean.Name:c.o (678ms)
✔ [3126/5917] Built Mathlib.Tactic.PPWithUniv:c.o (733ms)
✔ [3127/5917] Built Mathlib.Tactic.ExtendDoc:c.o (703ms)
✔ [3128/5917] Built Batteries.Lean.Position:c.o (218ms)
✔ [3129/5917] Built Batteries.Data.List.Count:c.o (128ms)
✔ [3131/6115] Built Batteries.Lean.NameMapAttribute:c.o (801ms)
✔ [3132/6115] Built Mathlib.Tactic.AdaptationNote:c.o (445ms)
✔ [3133/6115] Built Mathlib.Logic.Function.Defs:c.o (365ms)
✔ [3134/6115] Built Batteries.Data.List.ArrayMap:c.o (214ms)
✔ [3135/6115] Built Batteries.Data.List.Init.Lemmas:c.o (163ms)
✔ [3136/6115] Built Batteries.Control.ForInStep.Lemmas:c.o (132ms)
✔ [3138/6174] Built Mathlib.Lean.ContextInfo:c.o (907ms)
✔ [3139/6174] Built Mathlib.Util.AssertExistsExt:c.o (678ms)
✔ [3140/6174] Built Batteries.Control.ForInStep.Basic:c.o (243ms)
✔ [3141/6174] Built Batteries.Lean.Except:c.o (209ms)
✔ [3142/6174] Built Batteries.Data.List.Monadic:c.o (166ms)
✔ [3143/6174] Built Batteries.Data.List.Pairwise:c.o (152ms)
✔ [3144/6174] Built Batteries.Data.List:c.o (163ms)
✔ [3145/6174] Built Mathlib.Tactic.Linter.Lint:c.o (1.2s)
✔ [3146/6174] Built Batteries.Data.List.Lemmas:c.o (329ms)
✔ [3147/6174] Built Batteries.Lean.EStateM:c.o (265ms)
✔ [3148/6174] Built Batteries.Data.List.Perm:c.o (185ms)
✔ [3149/6174] Built Batteries.CodeAction:c.o (170ms)
✔ [3150/6174] Built Mathlib.Tactic.Simproc.ExistsAndEq:c.o (1.1s)
✔ [3151/6174] Built Batteries.Data.List.Matcher:c.o (380ms)
✔ [3152/6174] Built Batteries.Classes.SatisfiesM:c.o (354ms)
✔ [3153/6174] Built Mathlib.Tactic.OfNat:c.o (223ms)
✔ [3154/6174] Built Mathlib.Algebra.Group.Semiconj.Defs:c.o (136ms)
✔ [3155/6174] Built Mathlib.Algebra.Group.Commute.Defs:c.o (146ms)
✔ [3156/6174] Built Batteries.CodeAction.Deprecated:c.o (1.5s)
✔ [3157/6174] Built Mathlib.Lean.Elab.Tactic.Meta:c.o (1.3s)
✔ [3158/6174] Built Mathlib.Order.Defs.Unbundled:c.o (278ms)
✔ [3159/6174] Built Mathlib.Logic.Basic:c.o (200ms)
✔ [3160/6174] Built Mathlib.Logic.Nonempty:c.o (168ms)
✔ [3161/6174] Built Mathlib.Logic.Nontrivial.Defs:c.o (176ms)
✔ [3162/6174] Built Mathlib.Tactic.Simps.NotationClass:c.o (1.3s)
✔ [3163/6174] Built Mathlib.Tactic.Attr.Register:c.o (941ms)
✔ [3164/6174] Built Mathlib.Logic.IsEmpty:c.o (155ms)
✔ [3165/6174] Built Mathlib.Tactic.Linter.CommandStart:c.o (1.7s)
✔ [3166/6174] Built Mathlib.Util.AssertExists:c.o (1.1s)
✔ [3167/6174] Built Mathlib.Logic.Relator:c.o (244ms)
✔ [3168/6174] Built Mathlib.Data.FunLike.Basic:c.o (179ms)
✔ [3169/6174] Built Mathlib.Data.FunLike.Embedding:c.o (156ms)
✔ [3170/6174] Built Mathlib.Data.FunLike.Equiv:c.o (155ms)
✔ [3171/6174] Built Mathlib.Tactic.MinImports:c.o (1.6s)
✔ [3172/6174] Built Mathlib.Logic.Unique:c.o (311ms)
✔ [3173/6174] Built Mathlib.Tactic.Linter.Multigoal:c.o (1.8s)
✔ [3174/6174] Built Batteries.CodeAction.Basic:c.o (1.1s)
✔ [3175/6174] Built Mathlib.Logic.ExistsUnique:c.o (607ms)
✔ [3176/6174] Built Mathlib.Logic.Function.Basic:c.o (462ms)
✔ [3177/6174] Built Mathlib.Lean.Elab.Term:c.o (230ms)
✔ [3178/6174] Built Mathlib.Tactic.Linter.Header:c.o (2.0s)
✔ [3179/6174] Built Mathlib.Tactic.Linter.UnusedTactic:c.o (1.8s)
✔ [3180/6174] Built Batteries.CodeAction.Attr:c.o (1.3s)
✔ [3181/6174] Built Mathlib.Logic.Relation:c.o (304ms)
✔ [3182/6174] Built Batteries.Lean.Syntax:c.o (149ms)
✔ [3183/6174] Built Mathlib.Data.Subtype:c.o (162ms)
✔ [3184/6174] Built Batteries.Util.ExtendedBinder:c.o (881ms)
✔ [3185/6174] Built Mathlib.Tactic.Inhabit:c.o (571ms)
✔ [3186/6174] Built Mathlib.Tactic.WithoutCDot:c.o (511ms)
✔ [3187/6174] Built Mathlib.Util.WithWeakNamespace:c.o (385ms)
✔ [3188/6174] Built Mathlib.Logic.Function.Conjugate:c.o (152ms)
✔ [3189/6174] Built Mathlib.Tactic.ExtractGoal:c.o (1.0s)
✔ [3190/6174] Built Mathlib.Tactic.Substs:c.o (279ms)
✔ [3191/6174] Built Aesop.Options:c.o (147ms)
✔ [3192/6174] Built Mathlib.Logic.Function.Iterate:c.o (300ms)
✔ [3193/6174] Built Aesop.Options.Internal:c.o (270ms)
✔ [3194/6174] Built Aesop.Forward.PremiseIndex:c.o (246ms)
✔ [3195/6174] Built Aesop.Forward.LevelIndex:c.o (231ms)
✔ [3197/6174] Built Mathlib.Lean.Meta.Simp:c.o (2.2s)
✔ [3198/6174] Built Mathlib.Algebra.Group.Defs:c.o (1.3s)
✔ [3199/6174] Built Mathlib.Data.Set.Defs:c.o (1.2s)
✔ [3200/6174] Built Mathlib.Tactic.Push.Attr:c.o (1.1s)
✔ [3201/6174] Built Aesop.Forward.SlotIndex:c.o (268ms)
✔ [3203/6174] Built Mathlib.Tactic.Basic:c.o (2.3s)
✔ [3204/6174] Built Mathlib.Lean.Meta:c.o (1.3s)
✔ [3205/6174] Built Batteries.Tactic.Init:c.o (1.1s)
✔ [3206/6174] Built Mathlib.Tactic.SimpRw:c.o (840ms)
✔ [3207/6174] Built Aesop.Index.DiscrTreeConfig:c.o (333ms)
✔ [3208/6174] Built Aesop.Nanos:c.o (300ms)
✔ [3209/6174] Built Mathlib.Data.Quot:c.o (769ms)
✔ [3210/6174] Built Aesop.RulePattern.Cache:c.o (146ms)
✔ [3211/6174] Built Aesop.Check:c.o (735ms)
✔ [3212/6174] Built Aesop.Options.Public:c.o (678ms)
✔ [3213/6174] Built Batteries.Data.Array.Merge:c.o (524ms)
✔ [3214/6174] Built Mathlib.Lean.PrettyPrinter.Delaborator:c.o (1.2s)
✔ [3215/6174] Built Batteries.Lean.Expr:c.o (475ms)
✔ [3216/6174] Built Aesop.Percent:c.o (305ms)
✔ [3217/6174] Built Batteries.CodeAction.Match:c.o (1.9s)
✔ [3218/6174] Built Aesop.RuleTac.RuleTerm:c.o (332ms)
✔ [3219/6174] Built Aesop.Rule.Forward:c.o (378ms)
✔ [3220/6174] Built Batteries.Control.Lemmas:c.o (138ms)
✔ [3221/6174] Built Aesop.Util.UnorderedArraySet:c.o (724ms)
✔ [3222/6174] Built Batteries.Control.LawfulMonadState:c.o (144ms)
✔ [3223/6174] Built Batteries.Control.OptionT:c.o (155ms)
✔ [3224/6174] Built Mathlib.Logic.Equiv.Defs:c.o (1.2s)
✔ [3225/6174] Built Aesop.Forward.Match.Types:c.o (541ms)
✔ [3226/6174] Built Batteries.Control.AlternativeMonad:c.o (193ms)
✔ [3227/6174] Built Aesop.Script.Tactic:c.o (139ms)
✔ [3228/6174] Built Batteries.Linter.UnreachableTactic:c.o (1.4s)
✔ [3229/6174] Built Aesop.Rule.Name:c.o (847ms)
✔ [3230/6174] Built Aesop.Util.UnionFind:c.o (710ms)
✔ [3231/6174] Built Aesop.Script.GoalWithMVars:c.o (271ms)
✔ [3232/6174] Built Batteries.Lean.MonadBacktrack:c.o (148ms)
✔ [3233/6174] Built ImportGraph.Imports:c.o (3.1s)
✔ [3234/6174] Built Aesop.RPINF.Basic:c.o (1.2s)
✔ [3235/6174] Built Aesop.RuleTac.FVarIdSubst:c.o (615ms)
✔ [3236/6174] Built Mathlib.Tactic.TacticAnalysis:c.o (3.2s)
✔ [3237/6174] Built Mathlib.Tactic.SplitIfs:c.o (2.2s)
✔ [3238/6174] Built Aesop.RuleTac.Descr:c.o (196ms)
✔ [3239/6174] Built Mathlib.Tactic.TacticAnalysis.Declarations:c.o (3.3s)
✔ [3240/6174] Built Mathlib.Tactic.Conv:c.o (1.6s)
✔ [3241/6174] Built Aesop.BaseM:c.o (1.1s)
✔ [3242/6174] Built Aesop.Script.Util:c.o (399ms)
✔ [3243/6174] Built Aesop.Rule.Basic:c.o (254ms)
✔ [3244/6174] Built Aesop.Tracing:c.o (1.2s)
✔ [3245/6174] Built Aesop.Script.CtorNames:c.o (827ms)
✔ [3246/6174] Built Batteries.Lean.Meta.SavedState:c.o (470ms)
✔ [3247/6174] Built Batteries.Tactic.PermuteGoals:c.o (476ms)
✔ [3248/6174] Built Mathlib.Tactic.Linter.DirectoryDependency:c.o (3.7s)
✔ [3249/6174] Built Mathlib.Lean.Expr.Basic:c.o (3.5s)
✔ [3250/6174] Built Aesop.Index.Basic:c.o (1.0s)
✔ [3251/6174] Built Aesop.Util.Tactic:c.o (348ms)
✔ [3252/6174] Built Batteries.Lean.Meta.Expr:c.o (162ms)
✔ [3253/6174] Built Consumer (4.7s)
✔ [3255/6174] Built Batteries.Lean.Meta.Basic:c.o (846ms)
✔ [3256/6174] Built Aesop.ElabM:c.o (565ms)
✔ [3257/6174] Built Aesop.Script.ScriptM:c.o (353ms)
✔ [3258/6174] Built Batteries.Lean.PersistentHashMap:c.o (276ms)
✔ [3259/6174] Built Batteries.Lean.Meta.DiscrTree:c.o (293ms)
✔ [3260/6174] Built Mathlib.Tactic.Core:c.o (2.7s)
✔ [3261/6174] Built Aesop.Script.TacticState:c.o (894ms)
✔ [3262/6174] Built Aesop.Rule:c.o (644ms)
✔ [3263/6174] Built Aesop.Util.Tactic.Ext:c.o (492ms)
✔ [3264/6174] Built Aesop.RuleSet.Name:c.o (159ms)
✔ [3265/6174] Built Aesop.Forward.Substitution:c.o (1.7s)
✔ [3266/6174] Built Batteries.Lean.Meta.InstantiateMVars:c.o (364ms)
✔ [3267/6174] Built Aesop.RuleSet.Filter:c.o (288ms)
✔ [3268/6174] Built Aesop.RuleSet.Member:c.o (285ms)
✔ [3269/6174] Built Aesop.Stats.Basic:c.o (1.7s)
✔ [3270/6174] Built Batteries.Lean.PersistentHashSet:c.o (461ms)
✔ [3271/6174] Built Mathlib.Tactic.ScopedNS:c.o (2.5s)
✔ [3272/6174] Built Aesop.RuleTac.Basic:c.o (1.1s)
✔ [3273/6174] Built Aesop.RuleTac.ElabRuleTerm:c.o (911ms)
✔ [3274/6174] Built Batteries.Lean.Meta.UnusedNames:c.o (675ms)
✔ [3275/6174] Built Aesop.Script.Check:c.o (428ms)
✔ [3276/6174] Built Mathlib.Tactic.Linter.FlexibleLinter:c.o (4.3s)
✔ [3277/6174] Built Aesop.Script.SScript:c.o (512ms)
✔ [3278/6174] Built Aesop.RuleTac.Preprocess:c.o (238ms)
✔ [3279/6174] Built Aesop.RuleTac:c.o (166ms)
✔ [3280/6174] Built Aesop.Script.UScript:c.o (598ms)
✔ [3281/6174] Built Aesop.Constants:c.o (140ms)
✔ [3282/6174] Built Aesop.Search.Queue.Class:c.o (178ms)
✔ [3283/6174] Built Batteries.Data.List.Basic:c.o (3.8s)
✔ [3284/6174] Built Aesop.Tree.Data.ForwardRuleMatches:c.o (901ms)
✔ [3285/6174] Built Aesop.Search.Expansion.Basic:c.o (374ms)
✔ [3286/6174] Built Aesop.RuleTac.Forward.Basic:c.o (1.4s)
✔ [3287/6174] Built Aesop.Script.OptimizeSyntax:c.o (836ms)
✔ [3288/6174] Built Batteries.Tactic.Alias:c.o (4.9s)
✔ [3289/6174] Built ImportGraph.RequiredModules:c.o (4.6s)
✔ [3290/6174] Built Aesop.Tree.UnsafeQueue:c.o (511ms)
✔ [3291/6174] Built Batteries.CodeAction.Misc:c.o (4.2s)
✔ [3292/6174] Built Aesop.RulePattern:c.o (2.5s)
✔ [3293/6174] Built Aesop.Index.Forward:c.o (1.2s)
✔ [3294/6174] Built Aesop.Tree.RunMetaM:c.o (541ms)
✔ [3295/6174] Built Aesop.Forward.State.ApplyGoalDiff:c.o (1.0s)
✔ [3296/6174] Built Batteries.Lean.HashSet:c.o (303ms)
✔ [3297/6174] Built Aesop.RuleTac.Apply:c.o (1.1s)
✔ [3298/6174] Built Aesop.Tree.Traversal:c.o (506ms)
✔ [3299/6174] Built Aesop.Script.Step:c.o (2.1s)
✔ [3300/6174] Built Aesop.Tree:c.o (142ms)
✔ [3301/6174] Built Aesop.Util.Basic:c.o (3.0s)
✔ [3302/6174] Built Aesop.Script.StructureStatic:c.o (1.5s)
✔ [3303/6174] Built Aesop.Exception:c.o (425ms)
✔ [3304/6174] Built Batteries.Lean.TagAttribute:c.o (165ms)
✔ [3305/6174] Built Aesop.RuleTac.Tactic:c.o (1.2s)
✔ [3306/6174] Built Aesop.Search.Expansion.Simp:c.o (1.2s)
✔ [3307/6174] Built Batteries.Linter:c.o (128ms)
✔ [3308/6174] Built Batteries.Tactic.Basic:c.o (121ms)
✔ [3309/6174] Built Aesop.Tree.Free:c.o (569ms)
✔ [3310/6174] Built Batteries.Classes.Order:c.o (152ms)
✔ [3311/6174] Built Aesop.RuleTac.Cases:c.o (1.6s)
✔ [3312/6174] Built Aesop.Frontend.Extension.Init:c.o (153ms)
✔ [3313/6174] Built Aesop.Script.Main:c.o (1.8s)
✔ [3314/6174] Built Batteries.Lean.AttributeExtra:c.o (471ms)
✔ [3315/6174] Built Batteries.Util.ProofWanted:c.o (408ms)
✔ [3316/6174] Built Aesop.Forward.RuleInfo:c.o (3.4s)
✔ [3317/6174] Built Aesop.Script.UScriptToSScript:c.o (2.1s)
✔ [3318/6174] Built Aesop.Tree.TreeM:c.o (1.5s)
✔ [3319/6174] Built Aesop.Search.Queue:c.o (480ms)
✔ [3320/6174] Built Aesop.Util.Tactic.Unfold:c.o (2.6s)
✔ [3321/6174] Built Aesop.Builder.Basic:c.o (383ms)
✔ [3322/6174] Built Aesop.Builder.Constructors:c.o (349ms)
✔ [3323/6174] Built Mathlib.Tactic.Linter.Style:c.o (6.1s)
✔ [3324/6174] Built Aesop.RPINF:c.o (3.8s)
✔ [3325/6174] Built Aesop.Builder.Cases:c.o (546ms)
✔ [3326/6174] Built Aesop.Builder.NormSimp:c.o (541ms)
✔ [3327/6174] Built Aesop.Index.RulePattern:c.o (2.7s)
✔ [3328/6174] Built Aesop.Search.RuleSelection:c.o (1.7s)
✔ [3329/6174] Built Aesop.Builder.Unfold:c.o (394ms)
✔ [3330/6174] Built Aesop.Builder.Apply:c.o (495ms)
✔ [3331/6174] Built Aesop.Stats.Extension:c.o (356ms)
✔ [3332/6174] Built Aesop.Frontend.Basic:c.o (190ms)
✔ [3333/6174] Built Batteries.Linter.UnnecessarySeqFocus:c.o (1.3s)
✔ [3334/6174] Built Aesop.Builder.Tactic:c.o (783ms)
✔ [3335/6174] Built Aesop.Search.SearchM:c.o (2.3s)
✔ [3336/6174] Built Batteries.Tactic.SeqFocus:c.o (1.5s)
✔ [3337/6174] Built Aesop.Tree.Data:c.o (2.6s)
✔ [3338/6174] Built Aesop.BuiltinRules.Intros:c.o (358ms)
✔ [3339/6174] Built Aesop.BuiltinRules.Rfl:c.o (155ms)
✔ [3340/6174] Built Aesop.Script.StructureDynamic:c.o (3.2s)
✔ [3341/6174] Built Batteries.Data.BinomialHeap.Basic:c.o (1.6s)
✔ [3342/6174] Built Aesop.Builder.Default:c.o (1.1s)
✔ [3343/6174] Built Aesop.BuiltinRules:c.o (135ms)
✔ [3344/6174] Built Aesop.Frontend.Extension:c.o (1.6s)
✔ [3345/6174] Built Aesop:c.o (149ms)
✔ [3346/6174] Built Mathlib.Data.Ordering.Basic:c.o (136ms)
✔ [3347/6174] Built Aesop.Forward.State.Initial:c.o (2.9s)
✔ [3348/6174] Built Aesop.Tree.State:c.o (2.5s)
✔ [3349/6174] Built Mathlib.Logic.Nontrivial.Basic:c.o (141ms)
✔ [3350/6174] Built Mathlib.Tactic.Use:c.o (5.7s)
✔ [3351/6174] Built Mathlib.Data.Prod.Basic:c.o (323ms)
✔ [3352/6174] Built Mathlib.Algebra.Group.Action.Faithful:c.o (134ms)
✔ [3353/6174] Built Aesop.BuiltinRules.Ext:c.o (889ms)
✔ [3354/6174] Built Mathlib.Order.Defs.PartialOrder:c.o (350ms)
✔ [3355/6174] Built Mathlib.Algebra.Group.Action.Defs:c.o (255ms)
✔ [3356/6174] Built Mathlib.Data.Sum.Basic:c.o (167ms)
✔ [3357/6174] Built Aesop.BuiltinRules.Split:c.o (662ms)
✔ [3358/6174] Built Mathlib.Order.Defs.LinearOrder:c.o (504ms)
✔ [3359/6174] Built Mathlib.Algebra.Notation.Pi.Defs:c.o (214ms)
✔ [3360/6174] Built Mathlib.Algebra.Notation.Pi.Basic:c.o (225ms)
✔ [3361/6174] Built Aesop.Search.ExpandSafePrefix:c.o (2.8s)
✔ [3362/6174] Built Aesop.BuiltinRules.ApplyHyps:c.o (1.3s)
✔ [3363/6174] Built Mathlib.Algebra.Opposites:c.o (532ms)
✔ [3364/6174] Built Mathlib.Data.Option.Defs:c.o (173ms)
✔ [3365/6174] Built Mathlib.Data.Option.Basic:c.o (169ms)
✔ [3366/6174] Built Mathlib.Util.CompileInductive:c.o (6.3s)
✔ [3367/6174] Built Mathlib.Control.Combinators:c.o (299ms)
✔ [3368/6174] Built Aesop.RuleTac.GoalDiff:c.o (5.1s)
✔ [3369/6174] Built Aesop.Tree.ExtractProof:c.o (2.9s)
✔ [3370/6174] Built Aesop.Frontend.Attribute:c.o (1.5s)
✔ [3371/6174] Built Mathlib.Algebra.Group.Pi.Basic:c.o (511ms)
✔ [3372/6174] Built Qq.Simp:c.o (257ms)
✔ [3373/6174] Built Qq:c.o (122ms)
✔ [3374/6174] Built Mathlib.Tactic.ToAdditive.GuessName:c.o (7.6s)
✔ [3375/6174] Built Qq.ForLean.Do:c.o (366ms)
✔ [3376/6174] Built Batteries.Tactic.Exact:c.o (224ms)
✔ [3377/6174] Built Aesop.Index:c.o (4.5s)
✔ [3378/6174] Built Aesop.Frontend.Tactic:c.o (2.2s)
✔ [3379/6174] Built Qq.Typ:c.o (650ms)
✔ [3380/6174] Built Qq.SortLocalDecls:c.o (467ms)
✔ [3381/6174] Built Qq.ForLean.ToExpr:c.o (708ms)
✔ [3382/6174] Built Qq.MetaM:c.o (632ms)
✔ [3383/6174] Built Mathlib.Tactic.GRewrite:c.o (150ms)
✔ [3384/6174] Built Mathlib.Tactic.GCongr.ForwardAttr:c.o (474ms)
✔ [3385/6174] Built Mathlib.Order.Max:c.o (114ms)
✔ [3386/6174] Built Mathlib.Logic.Function.ULift:c.o (109ms)
✔ [3387/6174] Built Mathlib.Tactic.MkIffOfInductiveProp:c.o (7.3s)
✔ [3388/6174] Built Aesop.Stats.Report:c.o (2.3s)
✔ [3389/6174] Built Aesop.BuiltinRules.Subst:c.o (1.5s)
✔ [3390/6174] Built Mathlib.Order.Synonym:c.o (208ms)
✔ [3391/6174] Built Aesop.Forward.Match:c.o (5.0s)
✔ [3392/6174] Built Mathlib.Order.ULift:c.o (173ms)
✔ [3393/6174] Built Mathlib.Tactic.Finiteness.Attr:c.o (185ms)
✔ [3394/6174] Built Mathlib.Data.Bool.Basic:c.o (157ms)
✔ [3395/6174] Built Aesop.Frontend.Saturate:c.o (2.3s)
✔ [3396/6174] Built Aesop.BuiltinRules.Assumption:c.o (2.3s)
✔ [3397/6174] Built Mathlib.Tactic.Spread:c.o (1.5s)
✔ [3398/6174] Built Mathlib.Data.Nat.Basic:c.o (162ms)
✔ [3399/6174] Built Mathlib.Data.Int.Order.Basic:c.o (135ms)
✔ [3400/6174] Built Aesop.Tree.ExtractScript:c.o (3.8s)
✔ [3401/6174] Built Aesop.Main:c.o (2.6s)
✔ [3402/6174] Built Qq.ForLean.ReduceEval:c.o (1.3s)
✔ [3403/6174] Built Mathlib.Order.Notation:c.o (951ms)
✔ [3404/6174] Built Mathlib.Order.Compare:c.o (189ms)
✔ [3405/6174] Built Mathlib.Data.Set.CoeSort:c.o (139ms)
✔ [3406/6174] Built Batteries.Tactic.Congr:c.o (1.4s)
✔ [3407/6174] Built Mathlib.Order.BoundedOrder.Basic:c.o (414ms)
✔ [3408/6174] Built Mathlib.Data.Nat.Init:c.o (425ms)
✔ [3409/6174] Built Mathlib.Tactic.Contrapose:c.o (456ms)
✔ [3410/6174] Built Mathlib.Data.SProd:c.o (236ms)
✔ [3411/6174] Built Mathlib.Order.Monotone.Defs:c.o (202ms)
✔ [3412/6174] Built Batteries.WF:c.o (201ms)
✔ [3413/6174] Built Mathlib.Order.Monotone.Basic:c.o (137ms)
✔ [3414/6174] Built Mathlib.Data.Set.Operations:c.o (282ms)
✔ [3415/6174] Built Mathlib.Order.RelClasses:c.o (245ms)
✔ [3416/6174] Built Mathlib.Util.Tactic:c.o (252ms)
✔ [3417/6174] Built Mathlib.Order.BoundedOrder.Lattice:c.o (139ms)
✔ [3418/6174] Built Aesop.BuiltinRules.DestructProducts:c.o (2.7s)
✔ [3419/6174] Built Qq.Commands:c.o (1.4s)
✔ [3420/6174] Built Mathlib.Order.Basic:c.o (954ms)
✔ [3421/6174] Built Mathlib.Tactic.ToExpr:c.o (517ms)
✔ [3422/6174] Built Mathlib.Order.Disjoint:c.o (215ms)
✔ [3423/6174] Built Mathlib.Order.PropInstances:c.o (180ms)
✔ [3424/6174] Built Mathlib.Util.PPOptions:c.o (157ms)
✔ [3425/6174] Built Aesop.Builder.Forward:c.o (3.4s)
✔ [3426/6174] Built Mathlib.Data.Set.Disjoint:c.o (118ms)
✔ [3427/6174] Built Mathlib.Data.Set.Insert:c.o (172ms)
✔ [3428/6174] Built Mathlib.Data.Set.Subsingleton:c.o (115ms)
✔ [3429/6174] Built Mathlib.Tactic.GRewrite.Core:c.o (1.4s)
✔ [3430/6174] Built Mathlib.Tactic.Coe:c.o (644ms)
✔ [3431/6174] Built Mathlib.Data.Set.Basic:c.o (230ms)
✔ [3432/6174] Built Mathlib.Tactic.Monotonicity.Attr:c.o (190ms)
✔ [3433/6174] Built Aesop.Frontend.Command:c.o (3.2s)
✔ [3434/6174] Built Mathlib.Util.WhatsNew:c.o (863ms)
✔ [3435/6174] Built Mathlib.Tactic.ByContra:c.o (525ms)
✔ [3436/6174] Built Mathlib.Order.GaloisConnection.Defs:c.o (282ms)
✔ [3437/6174] Built Mathlib.Order.BooleanAlgebra.Defs:c.o (231ms)
✔ [3438/6174] Built Mathlib.Order.BooleanAlgebra.Set:c.o (140ms)
✔ [3439/6174] Built Mathlib.Tactic.GRewrite.Elab:c.o (1.6s)
✔ [3440/6174] Built Mathlib.Order.Lattice:c.o (705ms)
✔ [3441/6174] Built Mathlib.Lean.Elab.Tactic.Basic:c.o (547ms)
✔ [3442/6174] Built Mathlib.Control.EquivFunctor:c.o (212ms)
✔ [3443/6174] Built Mathlib.Data.Sigma.Basic:c.o (221ms)
✔ [3444/6174] Built Mathlib.Data.Prod.PProd:c.o (162ms)
✔ [3445/6174] Built Mathlib.Data.Set.SymmDiff:c.o (125ms)
✔ [3446/6174] Built Aesop.Tree.Tracing:c.o (4.7s)
✔ [3447/6174] Built Mathlib.Order.BooleanAlgebra.Basic:c.o (421ms)
✔ [3448/6174] Built Mathlib.Logic.Equiv.Option:c.o (295ms)
✔ [3449/6174] Built Mathlib.Data.Set.Inclusion:c.o (149ms)
✔ [3450/6174] Built Mathlib.Data.Set.Image:c.o (143ms)
✔ [3451/6174] Built Mathlib.Data.Set.Restrict:c.o (120ms)
✔ [3452/6174] Built Mathlib.Data.Set.Function:c.o (139ms)
✔ [3453/6174] Built Mathlib.Data.Set.Piecewise:c.o (129ms)
✔ [3454/6174] Built Mathlib.Util.AtLocation:c.o (1.5s)
✔ [3455/6174] Built Mathlib.Order.SymmDiff:c.o (295ms)
✔ [3456/6174] Built Mathlib.Data.Set.Prod:c.o (238ms)
✔ [3457/6174] Built Mathlib.Algebra.Group.Action.Pi:c.o (225ms)
✔ [3458/6174] Built Mathlib.Algebra.GroupWithZero.Regular:c.o (132ms)
✔ [3459/6174] Built Batteries.Tactic.Trans:c.o (9.7s)
✔ [3460/6174] Built Qq.Delab:c.o (2.3s)
✔ [3461/6174] Built Mathlib.Algebra.GroupWithZero.Defs:c.o (300ms)
✔ [3462/6174] Built Mathlib.Algebra.Group.Basic:c.o (184ms)
✔ [3463/6174] Built Mathlib.Tactic.Attr.Core:c.o (133ms)
✔ [3464/6174] Built Mathlib.Tactic.Nontriviality:c.o (153ms)
✔ [3465/6174] Built Mathlib.Algebra.Group.Units.Basic:c.o (128ms)
✔ [3466/6174] Built Mathlib.Logic.Equiv.Sum:c.o (514ms)
✔ [3467/6174] Built Mathlib.Data.Int.Init:c.o (335ms)
✔ [3468/6174] Built Mathlib.Algebra.NeZero:c.o (133ms)
✔ [3469/6174] Built Mathlib.Algebra.GroupWithZero.NeZero:c.o (130ms)
✔ [3470/6174] Built Mathlib.Algebra.Group.Semiconj.Units:c.o (120ms)
✔ [3471/6174] Built Mathlib.Logic.Equiv.Basic:c.o (675ms)
✔ [3472/6174] Built Mathlib.Algebra.Group.Units.Hom:c.o (281ms)
✔ [3473/6174] Built Mathlib.Algebra.GroupWithZero.Basic:c.o (182ms)
✔ [3474/6174] Built Mathlib.Data.Int.Basic:c.o (170ms)
✔ [3475/6174] Built Mathlib.Algebra.GroupWithZero.Units.Basic:c.o (175ms)
✔ [3476/6174] Built Mathlib.Algebra.GroupWithZero.Semiconj:c.o (125ms)
✔ [3477/6174] Built Mathlib.Algebra.GroupWithZero.Commute:c.o (122ms)
✔ [3478/6174] Built Mathlib.Tactic.Convert:c.o (2.0s)
✔ [3479/6174] Built Mathlib.Algebra.Group.Equiv.Defs:c.o (558ms)
✔ [3480/6174] Built Mathlib.Algebra.Group.Hom.Basic:c.o (461ms)
✔ [3481/6174] Built Mathlib.Algebra.Group.Commute.Units:c.o (239ms)
✔ [3482/6174] Built Mathlib.Algebra.GroupWithZero.Units.Lemmas:c.o (133ms)
✔ [3483/6174] Built Mathlib.Algebra.Order.Monoid.Unbundled.Defs:c.o (120ms)
✔ [3484/6174] Built Mathlib.Logic.OpClass:c.o (133ms)
✔ [3485/6174] Built Mathlib.Order.MinMax:c.o (149ms)
✔ [3486/6174] Built Mathlib.Algebra.Order.Sub.Defs:c.o (143ms)
✔ [3487/6174] Built Mathlib.Algebra.Order.Group.Unbundled.Basic:c.o (136ms)
✔ [3488/6174] Built Mathlib.Order.Heyting.Basic:c.o (1.1s)
✔ [3489/6174] Built Mathlib.Logic.Equiv.Prod:c.o (867ms)
✔ [3490/6174] Built Mathlib.Algebra.GroupWithZero.Hom:c.o (352ms)
✔ [3491/6174] Built Mathlib.Algebra.Order.Monoid.Unbundled.Basic:c.o (206ms)
✔ [3492/6174] Built Mathlib.Algebra.Order.Monoid.Defs:c.o (206ms)
✔ [3493/6174] Built Mathlib.Algebra.Order.Group.Defs:c.o (183ms)
✔ [3494/6174] Built Mathlib.Algebra.Group.Torsion:c.o (132ms)
✔ [3495/6174] Built Mathlib.Algebra.Group.Even:c.o (198ms)
✔ [3496/6174] Built Mathlib.Algebra.Order.Group.OrderIso:c.o (202ms)
✔ [3497/6174] Built Mathlib.Algebra.Order.Group.Lattice:c.o (150ms)
✔ [3498/6174] Built Mathlib.Algebra.Order.Monoid.Unbundled.OrderDual:c.o (129ms)
✔ [3499/6174] Built Mathlib.Algebra.Order.Monoid.Unbundled.Pow:c.o (124ms)
✔ [3500/6174] Built Aesop.Saturate:c.o (4.4s)
✔ [3501/6174] Built Mathlib.Algebra.Group.Units.Defs:c.o (896ms)
✔ [3502/6174] Built Mathlib.Algebra.Group.Equiv.Basic:c.o (462ms)
✔ [3503/6174] Built Mathlib.Algebra.Group.Equiv.Opposite:c.o (458ms)
✔ [3504/6174] Built Mathlib.Algebra.Order.Group.Abs:c.o (143ms)
✔ [3505/6174] Built Mathlib.Algebra.Group.TypeTags.Basic:c.o (483ms)
✔ [3506/6174] Built Mathlib.Logic.Embedding.Basic:c.o (467ms)
✔ [3507/6174] Built Mathlib.Data.Int.Cast.Defs:c.o (229ms)
✔ [3508/6174] Built Mathlib.Algebra.Group.Hom.Defs:c.o (1.1s)
✔ [3509/6174] Built Mathlib.Algebra.Group.Opposite:c.o (587ms)
✔ [3510/6174] Built Mathlib.Algebra.Group.Units.Equiv:c.o (524ms)
✔ [3511/6174] Built Mathlib.Order.RelIso.Basic:c.o (568ms)
✔ [3512/6174] Built Mathlib.Data.Nat.Cast.Defs:c.o (307ms)
✔ [3513/6174] Built Mathlib.Algebra.Order.Hom.Basic:c.o (150ms)
✔ [3514/6174] Built Mathlib.Algebra.Order.ZeroLEOne:c.o (124ms)
✔ [3515/6174] Built Mathlib.Tactic.Bound.Init:c.o (172ms)
✔ [3516/6174] Built Mathlib.Algebra.Order.Monoid.Unbundled.ExistsOfLE:c.o (123ms)
✔ [3517/6174] Built Mathlib.Algebra.Order.Group.Unbundled.Abs:c.o (586ms)
✔ [3518/6174] Built Mathlib.Algebra.Order.Monoid.NatCast:c.o (145ms)
✔ [3519/6174] Built Mathlib.Algebra.Order.Monoid.Unbundled.MinMax:c.o (136ms)
✔ [3520/6174] Built Mathlib.Algebra.Order.Ring.Unbundled.Basic:c.o (155ms)
✔ [3521/6174] Built Mathlib.Algebra.CharZero.Defs:c.o (155ms)
✔ [3522/6174] Built Mathlib.Data.Int.Cast.Basic:c.o (196ms)
✔ [3523/6174] Built Mathlib.Algebra.Order.GroupWithZero.Unbundled.Defs:c.o (415ms)
✔ [3524/6174] Built Mathlib.Algebra.Order.GroupWithZero.Unbundled.Basic:c.o (352ms)
✔ [3525/6174] Built Mathlib.Algebra.Group.Nat.Defs:c.o (172ms)
✔ [3526/6174] Built Mathlib.Data.Nat.Sqrt:c.o (131ms)
✔ [3527/6174] Built Mathlib.Algebra.Group.Nat.Even:c.o (140ms)
✔ [3528/6174] Built Mathlib.Algebra.Group.InjSurj:c.o (925ms)
✔ [3529/6174] Built Mathlib.Algebra.Ring.GrindInstances:c.o (296ms)
✔ [3530/6174] Built Aesop.RuleTac.Forward:c.o (7.1s)
✔ [3531/6174] Built Mathlib.Order.Hom.Basic:c.o (908ms)
✔ [3532/6174] Built Mathlib.Algebra.Ring.Defs:c.o (654ms)
✔ [3533/6174] Built Mathlib.Algebra.Order.Ring.Defs:c.o (397ms)
✔ [3534/6174] Built Batteries.Data.Nat.Basic:c.o (318ms)
✔ [3535/6174] Built Plausible.Attr:c.o (206ms)
✔ [3536/6174] Built Plausible:c.o (136ms)
✔ [3537/6174] Built LeanSearchClient:c.o (122ms)
✔ [3538/6174] Built Mathlib.Tactic.Nontriviality.Core:c.o (1.7s)
✔ [3539/6174] Built LeanSearchClient.Basic:c.o (255ms)
✔ [3540/6174] Built Aesop.Script.SpecificTactics:c.o (8.0s)
✔ [3541/6174] Built Plausible.Functions:c.o (532ms)
✔ [3542/6174] Built Aesop.Tree.AddRapp:c.o (6.8s)
✔ [3543/6174] Built Mathlib.Tactic.ApplyWith:c.o (276ms)
✔ [3544/6174] Built Plausible.Random:c.o (788ms)
✔ [3545/6174] Built Plausible.Arbitrary:c.o (823ms)
✔ [3546/6174] Built Plausible.Gen:c.o (930ms)
✔ [3547/6174] Built Mathlib.Tactic.ClearExclamation:c.o (356ms)
✔ [3548/6174] Built Aesop.Tree.Check:c.o (7.0s)
✔ [3549/6174] Built Mathlib.Tactic.Subsingleton:c.o (2.2s)
✔ [3550/6174] Built Mathlib.Algebra.Order.Group.Synonym:c.o (1.6s)
✔ [3551/6174] Built Mathlib.Tactic.ApplyAt:c.o (689ms)
✔ [3552/6174] Built Mathlib.Tactic.Constructor:c.o (298ms)
✔ [3553/6174] Built Mathlib.Tactic.StacksAttribute:c.o (1.5s)
✔ [3554/6174] Built Mathlib.Tactic.ApplyCongr:c.o (758ms)
✔ [3555/6174] Built Plausible.Tactic:c.o (1.1s)
✔ [3556/6174] Built Mathlib.Tactic.CongrM:c.o (527ms)
✔ [3557/6174] Built Mathlib.Tactic.ExistsI:c.o (179ms)
✔ [3558/6174] Built Aesop.RuleSet:c.o (8.4s)
✔ [3559/6174] Built Mathlib.Tactic.CasesM:c.o (3.2s)
✔ [3560/6174] Built Plausible.Sampleable:c.o (1.3s)
✔ [3561/6174] Built Mathlib.Tactic.Check:c.o (787ms)
✔ [3562/6174] Built Mathlib.Tactic.Lift:c.o (3.4s)
✔ [3563/6174] Built Mathlib.Tactic.ClearExcept:c.o (950ms)
✔ [3564/6174] Built Mathlib.Tactic.Clear_:c.o (926ms)
✔ [3565/6174] Built Mathlib.Tactic.FunProp.Attr:c.o (248ms)
✔ [3566/6174] Built Aesop.Frontend.RuleExpr:c.o (6.6s)
✔ [3567/6174] Built Mathlib.Tactic.FunProp:c.o (138ms)
✔ [3568/6174] Built Mathlib.Tactic.GCongr.CoreAttrs:c.o (145ms)
✔ [3569/6174] Built Mathlib.Tactic.FailIfNoProgress:c.o (999ms)
✔ [3570/6174] Built Batteries.Util.Cache:c.o (981ms)
✔ [3571/6174] Built Mathlib.Tactic.Set:c.o (2.8s)
✔ [3572/6174] Built Mathlib.Lean.Meta.Basic:c.o (1.8s)
✔ [3573/6174] Built Mathlib.Tactic.FunProp.ToBatteries:c.o (992ms)
✔ [3574/6174] Built Mathlib.Tactic.GCongr:c.o (124ms)
✔ [3575/6174] Built Mathlib.Tactic.FunProp.Types:c.o (1.0s)
✔ [3576/6174] Built Mathlib.Tactic.Choose:c.o (4.5s)
✔ [3577/6174] Built LeanSearchClient.LoogleSyntax:c.o (2.1s)
✔ [3578/6174] Built Mathlib.Tactic.DeprecateTo:c.o (1.4s)
✔ [3579/6174] Built Mathlib.Lean.Meta.CongrTheorems:c.o (5.2s)
✔ [3580/6174] Built Mathlib.Tactic.FunProp.Mor:c.o (1.4s)
✔ [3581/6174] Built Batteries.Control.Nondet.Basic:c.o (596ms)
✔ [3582/6174] Built Mathlib.Tactic.GuardGoalNums:c.o (351ms)
✔ [3583/6174] Built Mathlib.Tactic.GuardHypNums:c.o (328ms)
✔ [3584/6174] Built Mathlib.Tactic.Linter:c.o (115ms)
✔ [3585/6174] Built Mathlib.Tactic.InferParam:c.o (358ms)
✔ [3586/6174] Built Aesop.Search.Expansion:c.o (8.8s)
✔ [3587/6174] Built Mathlib.Lean.Meta.RefinedDiscrTree.Basic:c.o (1.6s)
✔ [3588/6174] Built Mathlib.Tactic.Find:c.o (1.9s)
✔ [3589/6174] Built Mathlib.Tactic.FunProp.Decl:c.o (1.9s)
✔ [3590/6174] Built Mathlib.Tactic.NthRewrite:c.o (381ms)
✔ [3591/6174] Built Mathlib.Tactic.ToAdditive.Frontend:c.o (13s)
✔ [3592/6174] Built Qq.AssertInstancesCommute:c.o (6.2s)
✔ [3593/6174] Built Mathlib.Lean.Meta.RefinedDiscrTree.Initialize:c.o (1.8s)
✔ [3594/6174] Built Mathlib.Tactic.Linter.UpstreamableDecl:c.o (734ms)
✔ [3595/6174] Built Mathlib.Tactic.RSuffices:c.o (299ms)
✔ [3596/6174] Built Batteries.Data.MLList.Basic:c.o (1.6s)
✔ [3597/6174] Built Mathlib.Tactic.Linter.PPRoundtrip:c.o (1.0s)
✔ [3598/6174] Built Mathlib.Tactic.HigherOrder:c.o (1.4s)
✔ [3599/6174] Built Mathlib.Tactic.Observe:c.o (949ms)
✔ [3600/6174] Built Mathlib.Tactic.Relation.Rfl:c.o (599ms)
✔ [3601/6174] Built Mathlib.Tactic.ToLevel:c.o (117ms)
✔ [3602/6174] Built Mathlib.Tactic.DefEqTransformations:c.o (2.9s)
✔ [3603/6174] Built Mathlib.Tactic.ErwQuestion:c.o (2.7s)
✔ [3604/6174] Built Mathlib.Tactic.SudoSetOption:c.o (485ms)
✔ [3605/6174] Built Mathlib.Tactic.Linter.HaveLetLinter:c.o (1.3s)
✔ [3606/6174] Built Mathlib.Tactic.Rename:c.o (741ms)
✔ [3607/6174] Built Mathlib.Tactic.Trace:c.o (267ms)
✔ [3608/6174] Built Mathlib.Tactic.TypeCheck:c.o (254ms)
✔ [3609/6174] Built Mathlib.Tactic.UnsetOption:c.o (294ms)
✔ [3610/6174] Built Plausible.Testable:c.o (3.9s)
✔ [3611/6174] Built Mathlib.Tactic.FunProp.Elab:c.o (2.4s)
✔ [3612/6174] Built ProofWidgets.Compat:c.o (298ms)
✔ [3613/6174] Built Mathlib.Tactic.SimpIntro:c.o (989ms)
✔ [3614/6174] Built Mathlib.Tactic.SuccessIfFailWithMsg:c.o (885ms)
✔ [3615/6174] Built Mathlib.Tactic.SwapVar:c.o (731ms)
✔ [3616/6174] Built Mathlib.Tactic.Linter.MinImports:c.o (1.7s)
✔ [3617/6174] Built ProofWidgets.Component.MakeEditLink:c.o (437ms)
✔ [3618/6174] Built LeanSearchClient.Syntax:c.o (3.0s)
✔ [3619/6174] Built Mathlib.Tactic.Says:c.o (1.2s)
✔ [3620/6174] Built Mathlib.Lean.GoalsLocation:c.o (205ms)
✔ [3621/6174] Built Mathlib.Tactic.FBinop:c.o (6.6s)
✔ [3622/6174] Built ProofWidgets.Component.Basic:c.o (682ms)
✔ [3623/6174] Built ProofWidgets.Util:c.o (692ms)
✔ [3624/6174] Built Mathlib.Tactic.Widget.SelectInsertParamsClass:c.o (499ms)
✔ [3625/6174] Built Mathlib.Lean.Meta.RefinedDiscrTree.Encode:c.o (3.2s)
✔ [3626/6174] Built Mathlib.Tactic.Recover:c.o (1.5s)
✔ [3627/6174] Built Mathlib.Tactic.Hint:c.o (2.6s)
✔ [3628/6174] Built Mathlib.Tactic.Linter.DeprecatedModule:c.o (2.2s)
✔ [3629/6174] Built ProofWidgets.Component.FilterDetails:c.o (330ms)
✔ [3630/6174] Built Mathlib.Algebra.Divisibility.Basic:c.o (128ms)
✔ [3631/6174] Built Mathlib.Tactic.FunProp.FunctionData:c.o (3.5s)
✔ [3632/6174] Built Mathlib.Tactic.Common:c.o (231ms)
✔ [3633/6174] Built Mathlib.Algebra.Divisibility.Hom:c.o (130ms)
✔ [3634/6174] Built Mathlib.Algebra.Group.Nat.Hom:c.o (148ms)
✔ [3635/6174] Built Mathlib.Tactic.Push:c.o (7.3s)
✔ [3636/6174] Built Mathlib.Util.TermReduce:c.o (2.5s)
✔ [3637/6174] Built Mathlib.Tactic.Widget.CongrM:c.o (803ms)
✔ [3638/6174] Built Mathlib.Lean.Meta.RefinedDiscrTree:c.o (726ms)
✔ [3639/6174] Built Mathlib.Util.TransImports:c.o (364ms)
✔ [3640/6174] Built Mathlib.Algebra.Group.TypeTags.Hom:c.o (259ms)
✔ [3641/6174] Built Mathlib.Data.List.TFAE:c.o (167ms)
✔ [3642/6174] Built Mathlib.Algebra.Ring.Basic:c.o (196ms)
✔ [3643/6174] Built Mathlib.Algebra.Ring.Semiconj:c.o (135ms)
✔ [3644/6174] Built Mathlib.Tactic.IrreducibleDef:c.o (2.6s)
✔ [3645/6174] Built Mathlib.Tactic.RenameBVar:c.o (1.9s)
✔ [3646/6174] Built ProofWidgets.Component.OfRpcMethod:c.o (1.2s)
✔ [3647/6174] Built Mathlib.Algebra.GroupWithZero.Nat:c.o (184ms)
✔ [3648/6174] Built Mathlib.Algebra.Ring.Nat:c.o (185ms)
✔ [3649/6174] Built Mathlib.Data.Nat.Cast.Basic:c.o (187ms)
✔ [3650/6174] Built Mathlib.Lean.Meta.RefinedDiscrTree.Lookup:c.o (3.8s)
✔ [3651/6174] Built Mathlib.Tactic.Propose:c.o (2.4s)
✔ [3652/6174] Built Mathlib.Algebra.Group.Hom.Instances:c.o (480ms)
✔ [3653/6174] Built Mathlib.Util.AtomM:c.o (498ms)
✔ [3654/6174] Built Mathlib.Algebra.Ring.Units:c.o (161ms)
✔ [3655/6174] Built Mathlib.Algebra.Ring.Commute:c.o (162ms)
✔ [3656/6174] Built Mathlib.Data.Nat.Cast.Commute:c.o (148ms)
✔ [3657/6174] Built Mathlib.Algebra.Ring.Hom.Defs:c.o (491ms)
✔ [3658/6174] Built Mathlib.Algebra.GroupWithZero.InjSurj:c.o (357ms)
✔ [3659/6174] Built Mathlib.Data.Bracket:c.o (219ms)
✔ [3660/6174] Built Mathlib.Algebra.Ring.Parity:c.o (180ms)
✔ [3661/6174] Built Mathlib.Algebra.Order.Ring.Basic:c.o (192ms)
✔ [3662/6174] Built Mathlib.Algebra.Group.Int.Defs:c.o (180ms)
✔ [3663/6174] Built Mathlib.Algebra.Order.Group.Int:c.o (132ms)
✔ [3664/6174] Built Mathlib.Algebra.Order.Group.Unbundled.Int:c.o (152ms)
✔ [3665/6174] Built Mathlib.Data.Int.Sqrt:c.o (151ms)
✔ [3666/6174] Built Mathlib.Lean.Meta.KAbstractPositions:c.o (1.2s)
✔ [3667/6174] Built Mathlib.Algebra.Ring.Int.Defs:c.o (215ms)
✔ [3668/6174] Built Mathlib.Algebra.Group.Int.Even:c.o (157ms)
✔ [3669/6174] Built Mathlib.Algebra.Ring.Int.Parity:c.o (190ms)
✔ [3670/6174] Built Mathlib.Order.Bounds.Defs:c.o (135ms)
✔ [3671/6174] Built Mathlib.Data.Nat.Cast.NeZero:c.o (145ms)
✔ [3672/6174] Built Mathlib.Data.Nat.Cast.Order.Basic:c.o (167ms)
✔ [3673/6174] Built Mathlib.Algebra.Order.Ring.Int:c.o (165ms)
✔ [3674/6174] Built Mathlib.Algebra.Ring.Divisibility.Basic:c.o (165ms)
✔ [3675/6174] Built ProofWidgets.Cancellable:c.o (1.5s)
✔ [3676/6174] Built Mathlib.Data.Int.GCD:c.o (301ms)
✔ [3677/6174] Built Mathlib.Algebra.Group.Nat.Units:c.o (228ms)
✔ [3678/6174] Built Mathlib.Algebra.Group.Int.Units:c.o (228ms)
✔ [3679/6174] Built Mathlib.Algebra.Ring.Int.Units:c.o (143ms)
✔ [3680/6174] Built Mathlib.Algebra.Order.Monoid.Canonical.Defs:c.o (171ms)
✔ [3681/6174] Built Mathlib.Algebra.Order.Group.Nat:c.o (159ms)
✔ [3682/6174] Built Mathlib.Algebra.GroupWithZero.Equiv:c.o (154ms)
✔ [3683/6174] Built Mathlib.Data.Option.NAry:c.o (159ms)
✔ [3684/6174] Built Mathlib.Order.TypeTags:c.o (214ms)
✔ [3685/6174] Built Mathlib.Algebra.Order.Monoid.WithTop:c.o (139ms)
✔ [3686/6174] Built Mathlib.Algebra.Order.Group.Units:c.o (130ms)
✔ [3687/6174] Built Mathlib.Algebra.Order.Monoid.OrderDual:c.o (145ms)
✔ [3688/6174] Built Mathlib.Tactic.Widget.Conv:c.o (1.6s)
✔ [3689/6174] Built Mathlib.Algebra.Ring.InjSurj:c.o (841ms)
✔ [3690/6174] Built Mathlib.Algebra.Group.WithOne.Defs:c.o (363ms)
✔ [3691/6174] Built Mathlib.Algebra.Order.AddGroupWithTop:c.o (235ms)
✔ [3692/6174] Built Mathlib.Algebra.Order.Monoid.Basic:c.o (171ms)
✔ [3693/6174] Built Mathlib.Algebra.Order.Monoid.TypeTags:c.o (160ms)
✔ [3694/6174] Built Mathlib.Algebra.Group.WithOne.Map:c.o (186ms)
✔ [3695/6174] Built Mathlib.Algebra.Order.Ring.Nat:c.o (185ms)
✔ [3696/6174] Built Mathlib.Algebra.Order.Sub.Unbundled.Basic:c.o (156ms)
✔ [3697/6174] Built Mathlib.Algebra.Order.Sub.Basic:c.o (154ms)
✔ [3698/6174] Built Mathlib.Data.Nat.Cast.Order.Ring:c.o (139ms)
✔ [3699/6174] Built Mathlib.Algebra.Order.Monoid.Unbundled.WithTop:c.o (358ms)
✔ [3700/6174] Built Mathlib.Algebra.Order.Monoid.Units:c.o (415ms)
✔ [3701/6174] Built Mathlib.Algebra.Order.Monoid.Unbundled.TypeTags:c.o (282ms)
✔ [3702/6174] Built Mathlib.Algebra.Order.Ring.Abs:c.o (192ms)
✔ [3703/6174] Built Batteries.Classes.RatCast:c.o (154ms)
✔ [3704/6174] Built Mathlib.Tactic.Widget.SelectPanelUtils:c.o (1.9s)
✔ [3705/6174] Built Mathlib.Lean.Expr.Rat:c.o (227ms)
✔ [3706/6174] Built Mathlib.Data.Rat.Init:c.o (293ms)
✔ [3707/6174] Built Mathlib.Algebra.GroupWithZero.Invertible:c.o (178ms)
✔ [3708/6174] Built Mathlib.Algebra.Order.Invertible:c.o (137ms)
✔ [3709/6174] Built Mathlib.Order.WithBot:c.o (574ms)
✔ [3710/6174] Built Mathlib.Algebra.Field.Defs:c.o (369ms)
✔ [3711/6174] Built Mathlib.Algebra.Group.Invertible.Defs:c.o (332ms)
✔ [3712/6174] Built Mathlib.Algebra.Ring.Invertible:c.o (259ms)
✔ [3713/6174] Built Mathlib.Algebra.Order.Ring.Cast:c.o (191ms)
✔ [3714/6174] Built Mathlib.Data.Set.Monotone:c.o (110ms)
✔ [3715/6174] Built Mathlib.Data.Set.NAry:c.o (130ms)
✔ [3716/6174] Built Mathlib.Algebra.GroupWithZero.WithZero:c.o (702ms)
✔ [3717/6174] Built Mathlib.Algebra.Order.GroupWithZero.Canonical:c.o (606ms)
✔ [3718/6174] Built Mathlib.Algebra.Group.Invertible.Basic:c.o (444ms)
✔ [3719/6174] Built Mathlib.Tactic.HaveI:c.o (339ms)
✔ [3720/6174] Built Mathlib.Order.BoundedOrder.Monotone:c.o (118ms)
✔ [3721/6174] Built Mathlib.Order.Bounds.Image:c.o (144ms)
✔ [3722/6174] Built Mathlib.Util.Qq:c.o (458ms)
✔ [3723/6174] Built Mathlib.Control.Basic:c.o (426ms)
✔ [3724/6174] Built Mathlib.Algebra.Order.AbsoluteValue.Basic:c.o (329ms)
✔ [3725/6174] Built Mathlib.Algebra.Field.Basic:c.o (388ms)
✔ [3726/6174] Built Mathlib.Order.Directed:c.o (272ms)
✔ [3727/6174] Built Mathlib.Order.Interval.Set.Defs:c.o (185ms)
✔ [3728/6174] Built Mathlib.Order.Interval.Set.Basic:c.o (232ms)
✔ [3729/6174] Built Mathlib.Order.WellFounded:c.o (149ms)
✔ [3730/6174] Built Mathlib.Order.Bounds.OrderIso:c.o (157ms)
✔ [3731/6174] Built Mathlib.Order.Bounds.Basic:c.o (281ms)
✔ [3732/6174] Built Mathlib.Logic.Equiv.Set:c.o (305ms)
✔ [3733/6174] Built Mathlib.Order.Hom.Set:c.o (205ms)
✔ [3734/6174] Built Mathlib.Algebra.GroupWithZero.Units.Equiv:c.o (193ms)
✔ [3735/6174] Built Mathlib.Algebra.Order.GroupWithZero.Unbundled.OrderIso:c.o (157ms)
✔ [3736/6174] Built Mathlib.Algebra.Order.Group.MinMax:c.o (137ms)
✔ [3737/6174] Built Mathlib.Logic.Pairwise:c.o (148ms)
✔ [3738/6174] Built Mathlib.Algebra.Ring.CompTypeclasses:c.o (144ms)
✔ [3739/6174] Built Mathlib.Tactic.Widget.Calc:c.o (2.3s)
✔ [3740/6174] Built Mathlib.Algebra.GroupWithZero.Pi:c.o (203ms)
✔ [3741/6174] Built Mathlib.Algebra.Notation.Prod:c.o (248ms)
✔ [3742/6174] Built Mathlib.Control.ULift:c.o (208ms)
✔ [3743/6174] Built Mathlib.Data.ULift:c.o (145ms)
✔ [3744/6174] Built Mathlib.Tactic.FunProp.Theorems:c.o (5.1s)
✔ [3745/6174] Built Mathlib.Algebra.Group.Pi.Lemmas:c.o (315ms)
✔ [3746/6174] Built Mathlib.Order.CompleteLattice.Basic:c.o (239ms)
✔ [3747/6174] Built Mathlib.GroupTheory.GroupAction.Ring:c.o (156ms)
✔ [3748/6174] Built Mathlib.Algebra.Ring.Action.Rat:c.o (157ms)
✔ [3749/6174] Built Mathlib.Order.CompleteLattice.Defs:c.o (348ms)
✔ [3750/6174] Built Mathlib.Data.Setoid.Basic:c.o (325ms)
✔ [3751/6174] Built Mathlib.Algebra.GroupWithZero.Opposite:c.o (275ms)
✔ [3752/6174] Built Mathlib.Algebra.Order.Ring.Unbundled.Rat:c.o (188ms)
✔ [3753/6174] Built Mathlib.Algebra.Order.Ring.Rat:c.o (141ms)
✔ [3754/6174] Built Aesop.Forward.State:c.o (13s)
✔ [3755/6174] Built Mathlib.Util.Delaborators:c.o (8.5s)
✔ [3756/6174] Built Batteries.Tactic.HelpCmd:c.o (6.4s)
✔ [3757/6174] Built Mathlib.Tactic.WLOG:c.o (2.3s)
✔ [3758/6174] Built Mathlib.Algebra.Ring.Pi:c.o (453ms)
✔ [3759/6174] Built Mathlib.Data.Rat.Defs:c.o (235ms)
✔ [3760/6174] Built Mathlib.Algebra.Ring.Rat:c.o (200ms)
✔ [3761/6174] Built Mathlib.Data.NNRat.Defs:c.o (238ms)
✔ [3762/6174] Built Mathlib.Algebra.Group.Semiconj.Basic:c.o (142ms)
✔ [3763/6174] Built Mathlib.Algebra.Group.Commute.Basic:c.o (130ms)
✔ [3764/6174] Built Mathlib.Tactic.FastInstance:c.o (2.1s)
✔ [3765/6174] Built Mathlib.Algebra.Ring.Equiv:c.o (670ms)
✔ [3766/6174] Built Mathlib.Algebra.GroupWithZero.Action.Defs:c.o (481ms)
✔ [3767/6174] Built Mathlib.Algebra.Field.Rat:c.o (263ms)
✔ [3768/6174] Built Mathlib.Data.Int.Cast.Lemmas:c.o (196ms)
✔ [3769/6174] Built Mathlib.Algebra.Divisibility.Units:c.o (183ms)
✔ [3770/6174] Built Mathlib.Algebra.GroupWithZero.Divisibility:c.o (168ms)
✔ [3771/6174] Built Mathlib.Data.Rat.Lemmas:c.o (177ms)
✔ [3772/6174] Built Mathlib.Order.Nat:c.o (177ms)
✔ [3773/6174] Built Mathlib.Data.Rat.Cast.Defs:c.o (176ms)
✔ [3774/6174] Built Qq.Match:c.o (10s)
✔ [3775/6174] Built Mathlib.Algebra.Order.CauSeq.Completion:c.o (549ms)
✔ [3776/6174] Built Mathlib.Algebra.Order.Nonneg.Basic:c.o (440ms)
✔ [3777/6174] Built Mathlib.Data.PNat.Notation:c.o (225ms)
✔ [3778/6174] Built Mathlib.Data.PNat.Defs:c.o (293ms)
✔ [3779/6174] Built Mathlib.Data.Nat.Find:c.o (206ms)
✔ [3780/6174] Built Mathlib.Algebra.BigOperators.Group.List.Defs:c.o (238ms)
✔ [3781/6174] Built Mathlib.Data.List.Perm.Subperm:c.o (126ms)
✔ [3782/6174] Built Mathlib.Algebra.Group.Action.Opposite:c.o (754ms)
✔ [3783/6174] Built Mathlib.Data.List.Monad:c.o (274ms)
✔ [3784/6174] Built Mathlib.Data.Multiset.Basic:c.o (226ms)
✔ [3785/6174] Built Mathlib.Data.List.Forall2:c.o (145ms)
✔ [3786/6174] Built Mathlib.Data.List.InsertIdx:c.o (135ms)
✔ [3787/6174] Built Mathlib.Data.List.Nodup:c.o (182ms)
✔ [3788/6174] Built Mathlib.Data.Multiset.Count:c.o (165ms)
✔ [3789/6174] Built Mathlib.Data.List.Count:c.o (156ms)
✔ [3790/6174] Built Mathlib.Tactic.Simps.Basic:c.o (17s)
✔ [3791/6174] Built Mathlib.Util.CountHeartbeats:c.o (2.7s)
✔ [3792/6174] Built Mathlib.Util.PrintSorries:c.o (2.7s)
✔ [3793/6174] Built Mathlib.Algebra.Order.CauSeq.Basic:c.o (748ms)
✔ [3794/6174] Built Mathlib.Data.Real.Basic:c.o (486ms)
✔ [3795/6174] Built Mathlib.Control.Functor:c.o (484ms)
✔ [3796/6174] Built Mathlib.Data.List.Basic:c.o (423ms)
✔ [3797/6174] Built Mathlib.Data.Multiset.Defs:c.o (364ms)
✔ [3798/6174] Built Mathlib.Data.Multiset.ZeroCons:c.o (302ms)
✔ [3799/6174] Built Mathlib.Data.Multiset.AddSub:c.o (199ms)
✔ [3800/6174] Built Mathlib.Data.Multiset.Replicate:c.o (162ms)
✔ [3801/6174] Built Mathlib.Data.Set.List:c.o (174ms)
✔ [3802/6174] Built Mathlib.Data.Multiset.MapFold:c.o (140ms)
✔ [3803/6174] Built Mathlib.Data.Multiset.Filter:c.o (260ms)
✔ [3804/6174] Built Mathlib.Algebra.BigOperators.Group.Multiset.Defs:c.o (237ms)
✔ [3805/6174] Built Mathlib.Data.Set.Pairwise.Basic:c.o (175ms)
✔ [3806/6174] Built Mathlib.Data.Finset.Defs:c.o (287ms)
✔ [3807/6174] Built Mathlib.Data.Finset.Attach:c.o (195ms)
✔ [3808/6174] Built Mathlib.Data.Finset.Attr:c.o (183ms)
✔ [3809/6174] Built Mathlib.Data.List.Lattice:c.o (172ms)
✔ [3810/6174] Built Mathlib.Data.List.Dedup:c.o (182ms)
✔ [3811/6174] Built Mathlib.Data.List.TakeDrop:c.o (254ms)
✔ [3812/6174] Built Mathlib.Data.List.Perm.Lattice:c.o (170ms)
✔ [3813/6174] Built Mathlib.Data.Multiset.UnionInter:c.o (204ms)
✔ [3814/6174] Built Mathlib.Data.Multiset.Dedup:c.o (186ms)
✔ [3815/6174] Built Mathlib.Data.Finset.Dedup:c.o (185ms)
✔ [3816/6174] Built Mathlib.Data.List.Infix:c.o (178ms)
✔ [3817/6174] Built Mathlib.Data.Multiset.FinsetOps:c.o (177ms)
✔ [3818/6174] Built Mathlib.Data.List.Perm.Basic:c.o (449ms)
✔ [3819/6174] Built Mathlib.Data.Finset.Disjoint:c.o (210ms)
✔ [3820/6174] Built Mathlib.Data.Finset.Erase:c.o (136ms)
✔ [3821/6174] Built Mathlib.Data.Multiset.Range:c.o (174ms)
✔ [3822/6174] Built Mathlib.Tactic.Variable:c.o (3.8s)
✔ [3823/6174] Built Mathlib.Data.Finset.Empty:c.o (345ms)
✔ [3824/6174] Built Mathlib.Data.List.Induction:c.o (301ms)
✔ [3825/6174] Built Mathlib.Data.Finset.Insert:c.o (333ms)
✔ [3826/6174] Built Mathlib.Data.Finset.Filter:c.o (470ms)
✔ [3827/6174] Built Mathlib.Data.Finset.Range:c.o (219ms)
✔ [3828/6174] Built Mathlib.Data.Finset.Lattice.Basic:c.o (260ms)
✔ [3829/6174] Built Mathlib.Data.Finset.SDiff:c.o (249ms)
✔ [3830/6174] Built Mathlib.Data.Finset.Basic:c.o (249ms)
✔ [3831/6174] Built Mathlib.Data.Finset.Lattice.Lemmas:c.o (217ms)
✔ [3832/6174] Built Mathlib.Data.Finite.Defs:c.o (269ms)
✔ [3833/6174] Built Mathlib.Data.Finset.Image:c.o (282ms)
✔ [3834/6174] Built Mathlib.Data.Finset.BooleanAlgebra:c.o (356ms)
✔ [3835/6174] Built Mathlib.Data.Finset.SymmDiff:c.o (335ms)
✔ [3836/6174] Built Mathlib.Data.Fintype.OfMap:c.o (211ms)
✔ [3837/6174] Built Mathlib.Data.Fintype.Sets:c.o (401ms)
✔ [3838/6174] Built Mathlib.Algebra.BigOperators.Group.List.Basic:c.o (211ms)
✔ [3839/6174] Built Mathlib.Data.List.Flatten:c.o (231ms)
✔ [3840/6174] Built Mathlib.Data.List.Pairwise:c.o (308ms)
✔ [3841/6174] Built Mathlib.Data.List.Lex:c.o (363ms)
✔ [3842/6174] Built Mathlib.Data.List.Chain:c.o (297ms)
✔ [3843/6174] Built Mathlib.Data.List.Range:c.o (331ms)
✔ [3844/6174] Built Mathlib.Data.List.Rotate:c.o (308ms)
✔ [3845/6174] Built Mathlib.Data.List.ProdSigma:c.o (271ms)
✔ [3846/6174] Built Mathlib.Algebra.BigOperators.Group.List.Lemmas:c.o (240ms)
✔ [3847/6174] Built Mathlib.Data.Multiset.Fold:c.o (241ms)
✔ [3848/6174] Built Mathlib.Algebra.Order.Group.Multiset:c.o (210ms)
✔ [3849/6174] Built Mathlib.Algebra.BigOperators.Group.Multiset.Basic:c.o (208ms)
✔ [3850/6174] Built Mathlib.Data.Multiset.Bind:c.o (207ms)
✔ [3851/6174] Built Mathlib.Data.Finset.Union:c.o (189ms)
✔ [3852/6174] Built Mathlib.Data.Multiset.Sum:c.o (168ms)
✔ [3853/6174] Built Mathlib.Data.List.Defs:c.o (1.1s)
✔ [3854/6174] Built Mathlib.Data.Finset.Card:c.o (269ms)
✔ [3855/6174] Built Mathlib.Data.Finset.Fold:c.o (247ms)
✔ [3856/6174] Built Mathlib.Data.Finset.Prod:c.o (237ms)
✔ [3857/6174] Built Mathlib.Data.Finset.Sum:c.o (213ms)
✔ [3858/6174] Built Mathlib.Algebra.BigOperators.Group.Finset.Basic:c.o (225ms)
✔ [3859/6174] Built Mathlib.Data.Multiset.Lattice:c.o (183ms)
✔ [3860/6174] Built Mathlib.Data.Bool.Set:c.o (170ms)
✔ [3861/6174] Built Mathlib.Data.Nat.Set:c.o (148ms)
✔ [3862/6174] Built Mathlib.Order.CompleteLattice.Lemmas:c.o (256ms)
✔ [3863/6174] Built Mathlib.Data.Set.BooleanAlgebra:c.o (156ms)
✔ [3864/6174] Built Mathlib.Data.Finset.Lattice.Fold:c.o (231ms)
✔ [3865/6174] Built Mathlib.Data.Finset.Lattice.Union:c.o (206ms)
✔ [3866/6174] Built Mathlib.Data.Int.DivMod:c.o (173ms)
✔ [3867/6174] Built Mathlib.Tactic.Widget.InteractiveUnfold:c.o (3.8s)
✔ [3868/6174] Built Mathlib.Data.Nat.Choose.Basic:c.o (266ms)
✔ [3869/6174] Built Batteries.Data.Nat.Lemmas:c.o (254ms)
✔ [3870/6174] Built Mathlib.Data.Fin.SuccPred:c.o (273ms)
✔ [3871/6174] Built Mathlib.Data.Fin.Rev:c.o (226ms)
✔ [3872/6174] Built Mathlib.Data.List.OfFn:c.o (239ms)
✔ [3873/6174] Built Mathlib.Data.List.FinRange:c.o (215ms)
✔ [3874/6174] Built Mathlib.Data.List.Zip:c.o (190ms)
✔ [3875/6174] Built Mathlib.Data.Nat.Factorial.Basic:c.o (428ms)
✔ [3876/6174] Built Batteries.Data.Fin.Basic:c.o (430ms)
✔ [3877/6174] Built Mathlib.Data.Fin.Basic:c.o (349ms)
✔ [3878/6174] Built Mathlib.Data.Fin.Embedding:c.o (327ms)
✔ [3879/6174] Built Mathlib.Data.List.Sublists:c.o (261ms)
✔ [3880/6174] Built Mathlib.Data.Multiset.Powerset:c.o (246ms)
✔ [3881/6174] Built Mathlib.Data.Set.Lattice:c.o (220ms)
✔ [3882/6174] Built Mathlib.Data.Set.Pairwise.Lattice:c.o (184ms)
✔ [3883/6174] Built Mathlib.Algebra.BigOperators.Group.Finset.Powerset:c.o (142ms)
✔ [3884/6174] Built Mathlib.Order.Fin.Basic:c.o (426ms)
✔ [3885/6174] Built Mathlib.Data.Finset.Powerset:c.o (283ms)
✔ [3886/6174] Built Mathlib.Algebra.Module.NatInt:c.o (206ms)
✔ [3887/6174] Built Mathlib.Algebra.Group.Action.TypeTags:c.o (205ms)
✔ [3888/6174] Built Mathlib.Algebra.Group.Action.Pretransitive:c.o (147ms)
✔ [3889/6174] Built Mathlib.Order.Hom.Bounded:c.o (612ms)
✔ [3890/6174] Built Mathlib.Order.Hom.Lattice:c.o (649ms)
✔ [3891/6174] Built Mathlib.Order.Hom.BoundedLattice:c.o (611ms)
✔ [3892/6174] Built Mathlib.Data.Fin.Tuple.Basic:c.o (547ms)
✔ [3893/6174] Built Mathlib.Tactic.TryThis:c.o (307ms)
✔ [3894/6174] Built Mathlib.Algebra.Module.Defs:c.o (232ms)
✔ [3895/6174] Built Mathlib.Algebra.Group.Action.Hom:c.o (243ms)
✔ [3896/6174] Built Mathlib.Algebra.Group.Action.Units:c.o (243ms)
✔ [3897/6174] Built Mathlib.Algebra.GroupWithZero.Action.Units:c.o (230ms)
✔ [3898/6174] Built Mathlib.Algebra.GroupWithZero.Action.End:c.o (230ms)
✔ [3899/6174] Built Mathlib.Algebra.Module.RingHom:c.o (230ms)
✔ [3900/6174] Built Mathlib.Logic.Function.CompTypeclasses:c.o (184ms)
✔ [3901/6174] Built Mathlib.Algebra.Group.Hom.CompTypeclasses:c.o (171ms)
✔ [3902/6174] Built ProofWidgets.Data.Html:c.o (4.6s)
✔ [3903/6174] Built Mathlib.Tactic.NormNum.Result:c.o (2.7s)
✔ [3904/6174] Built Mathlib.Algebra.Regular.SMul:c.o (215ms)
✔ [3905/6174] Built Mathlib.Algebra.Group.Action.Basic:c.o (269ms)
✔ [3906/6174] Built Mathlib.Algebra.Ring.Action.Basic:c.o (213ms)
✔ [3907/6174] Built Mathlib.Algebra.GroupWithZero.Action.Basic:c.o (195ms)
✔ [3908/6174] Built Mathlib.Algebra.Group.Prod:c.o (1.1s)
✔ [3909/6174] Built Mathlib.Order.GaloisConnection.Basic:c.o (945ms)
✔ [3910/6174] Built Mathlib.Algebra.Group.Action.End:c.o (264ms)
✔ [3911/6174] Built Mathlib.Algebra.GroupWithZero.Prod:c.o (287ms)
✔ [3912/6174] Built Mathlib.Algebra.GroupWithZero.Action.Hom:c.o (194ms)
✔ [3913/6174] Built Mathlib.Algebra.Group.Hom.End:c.o (171ms)
✔ [3914/6174] Built Mathlib.Algebra.Module.End:c.o (181ms)
✔ [3915/6174] Built Mathlib.Algebra.NoZeroSMulDivisors.Defs:c.o (168ms)
✔ [3916/6174] Built Mathlib.Algebra.NoZeroSMulDivisors.Pi:c.o (157ms)
✔ [3917/6174] Built Mathlib.Algebra.Module.Opposite:c.o (128ms)
✔ [3918/6174] Built Mathlib.Algebra.Algebra.Defs:c.o (393ms)
✔ [3919/6174] Built Mathlib.Algebra.Group.Action.Prod:c.o (386ms)
✔ [3920/6174] Built Mathlib.Algebra.Module.Hom:c.o (302ms)
✔ [3921/6174] Built Mathlib.Algebra.Module.LinearMap.Basic:c.o (232ms)
✔ [3922/6174] Built Mathlib.Algebra.GroupWithZero.Action.Opposite:c.o (201ms)
✔ [3923/6174] Built Mathlib.Algebra.Module.Equiv.Opposite:c.o (166ms)
✔ [3924/6174] Built Mathlib.Algebra.Module.Pi:c.o (166ms)
✔ [3925/6174] Built Mathlib.Algebra.Module.Prod:c.o (143ms)
✔ [3926/6174] Built Mathlib.Util.AtomM.Recurse:c.o (725ms)
✔ [3927/6174] Built Mathlib.Algebra.Group.Equiv.TypeTags:c.o (527ms)
✔ [3928/6174] Built Mathlib.Algebra.Group.End:c.o (488ms)
✔ [3929/6174] Built Mathlib.Algebra.GroupWithZero.Action.Pi:c.o (272ms)
✔ [3930/6174] Built Mathlib.Algebra.GroupWithZero.Action.Prod:c.o (248ms)
✔ [3931/6174] Built Mathlib.Tactic.SetLike:c.o (203ms)
✔ [3932/6174] Built Mathlib.Data.Set.Lattice.Image:c.o (126ms)
✔ [3933/6174] Built Mathlib.Order.CompleteBooleanAlgebra:c.o (1.2s)
✔ [3934/6174] Built Mathlib.Algebra.Module.LinearMap.End:c.o (329ms)
✔ [3935/6174] Built Mathlib.Algebra.Group.Subsemigroup.Defs:c.o (304ms)
✔ [3936/6174] Built Mathlib.Algebra.Group.Subsemigroup.Basic:c.o (231ms)
✔ [3937/6174] Built Mathlib.Algebra.Group.Submonoid.MulAction:c.o (185ms)
✔ [3938/6174] Built Mathlib.Algebra.Notation.Support:c.o (131ms)
✔ [3939/6174] Built Mathlib.Algebra.Group.Support:c.o (138ms)
✔ [3940/6174] Built Mathlib.Tactic.Tauto:c.o (10s)
✔ [3941/6174] Built Mathlib.Algebra.Ring.Opposite:c.o (607ms)
✔ [3942/6174] Built Mathlib.Algebra.Group.Submonoid.Basic:c.o (293ms)
✔ [3943/6174] Built Mathlib.Algebra.Group.Commute.Hom:c.o (138ms)
✔ [3944/6174] Built Mathlib.Data.Finset.NoncommProd:c.o (195ms)
✔ [3945/6174] Built Mathlib.Algebra.Group.Submonoid.BigOperators:c.o (132ms)
✔ [3946/6174] Built Mathlib.Algebra.Group.Pointwise.Set.Scalar:c.o (149ms)
✔ [3947/6174] Built Mathlib.Data.SetLike.Basic:c.o (433ms)
✔ [3948/6174] Built Mathlib.Algebra.Group.Submonoid.Defs:c.o (419ms)
✔ [3949/6174] Built Mathlib.Algebra.Group.Subgroup.Lattice:c.o (372ms)
✔ [3950/6174] Built Mathlib.Algebra.Group.Subgroup.Map:c.o (407ms)
✔ [3951/6174] Built Mathlib.Algebra.Group.Subgroup.Ker:c.o (282ms)
✔ [3952/6174] Built Mathlib.Data.Fintype.Basic:c.o (300ms)
✔ [3953/6174] Built Mathlib.Algebra.Group.Pointwise.Set.Basic:c.o (266ms)
✔ [3954/6174] Built Mathlib.Algebra.Module.Submodule.Basic:c.o (150ms)
✔ [3955/6174] Built Mathlib.Algebra.Group.Idempotent:c.o (172ms)
✔ [3956/6174] Built Mathlib.Data.Fintype.Card:c.o (158ms)
✔ [3957/6174] Built Mathlib.Algebra.Group.Submonoid.Operations:c.o (467ms)
✔ [3958/6174] Built Mathlib.Algebra.Group.Subgroup.Defs:c.o (511ms)
✔ [3959/6174] Built Mathlib.Algebra.Module.Submodule.Defs:c.o (312ms)
✔ [3960/6174] Built Mathlib.Algebra.Group.Submonoid.MulOpposite:c.o (196ms)
✔ [3961/6174] Built Mathlib.Data.List.Duplicate:c.o (237ms)
✔ [3962/6174] Built Mathlib.Data.List.TakeWhile:c.o (155ms)
✔ [3963/6174] Built Mathlib.Data.List.NodupEquivFin:c.o (177ms)
✔ [3964/6174] Built Mathlib.Algebra.Group.PUnit:c.o (162ms)
✔ [3965/6174] Built Mathlib.Tactic.CongrExclamation:c.o (11s)
✔ [3966/6174] Built Mathlib.Algebra.Module.Equiv.Defs:c.o (943ms)
✔ [3967/6174] Built Mathlib.Algebra.Module.Equiv.Basic:c.o (762ms)
✔ [3968/6174] Built Mathlib.GroupTheory.GroupAction.SubMulAction:c.o (443ms)
✔ [3969/6174] Built Mathlib.Data.List.Sort:c.o (285ms)
✔ [3970/6174] Built Mathlib.Data.Fintype.EquivFin:c.o (214ms)
✔ [3971/6174] Built Mathlib.Algebra.Group.Submonoid.Membership:c.o (260ms)
✔ [3972/6174] Built Mathlib.Algebra.Ring.PUnit:c.o (167ms)
✔ [3973/6174] Built Mathlib.Algebra.Module.PUnit:c.o (178ms)
✔ [3974/6174] Built Mathlib.Order.ConditionallyCompleteLattice.Defs:c.o (224ms)
✔ [3975/6174] Built Mathlib.Order.ConditionallyCompleteLattice.Basic:c.o (236ms)
✔ [3976/6174] Built Mathlib.Algebra.Module.Submodule.Ker:c.o (162ms)
✔ [3977/6174] Built Mathlib.GroupTheory.GroupAction.DomAct.Basic:c.o (1.0s)
✔ [3978/6174] Built Mathlib.GroupTheory.GroupAction.Defs:c.o (517ms)
✔ [3979/6174] Built Mathlib.Algebra.Module.Submodule.Lattice:c.o (277ms)
✔ [3980/6174] Built Mathlib.Algebra.Module.Submodule.LinearMap:c.o (318ms)
✔ [3981/6174] Built Mathlib.Algebra.Module.Submodule.Map:c.o (292ms)
✔ [3982/6174] Built Mathlib.Algebra.Module.Submodule.RestrictScalars:c.o (201ms)
✔ [3983/6174] Built Mathlib.Algebra.Ring.CharZero:c.o (156ms)
✔ [3984/6174] Built Mathlib.Util.Notation3:c.o (18s)
✔ [3985/6174] Built Mathlib.Algebra.Module.LinearMap.Defs:c.o (1.3s)
✔ [3986/6174] Built Mathlib.Algebra.FreeMonoid.Basic:c.o (553ms)
✔ [3987/6174] Built Mathlib.Algebra.GroupWithZero.ULift:c.o (373ms)
✔ [3988/6174] Built Mathlib.Algebra.Module.ULift:c.o (341ms)
✔ [3989/6174] Built Mathlib.Algebra.Group.Conj:c.o (261ms)
✔ [3990/6174] Built Mathlib.Algebra.Group.Subgroup.Basic:c.o (226ms)
✔ [3991/6174] Built Mathlib.RingTheory.NonUnitalSubsemiring.Defs:c.o (237ms)
✔ [3992/6174] Built Mathlib.Algebra.Ring.Subsemiring.Defs:c.o (278ms)
✔ [3993/6174] Built Mathlib.RingTheory.NonUnitalSubring.Defs:c.o (201ms)
✔ [3994/6174] Built Mathlib.Algebra.Ring.Subring.Defs:c.o (214ms)
✔ [3995/6174] Built Mathlib.Algebra.Group.Submonoid.DistribMulAction:c.o (169ms)
✔ [3996/6174] Built Mathlib.Algebra.Ring.Action.Subobjects:c.o (181ms)
✔ [3997/6174] Built Mathlib.Data.Nat.Cast.Prod:c.o (157ms)
✔ [3998/6174] Built Mathlib.Data.Int.Cast.Prod:c.o (268ms)
✔ [3999/6174] Built Mathlib.Algebra.Group.Center:c.o (197ms)
✔ [4000/6174] Built Mathlib.GroupTheory.Subsemigroup.Center:c.o (196ms)
✔ [4001/6174] Built Mathlib.GroupTheory.Subsemigroup.Centralizer:c.o (304ms)
✔ [4002/6174] Built Mathlib.GroupTheory.Submonoid.Centralizer:c.o (216ms)
✔ [4003/6174] Built Mathlib.Algebra.Group.Subsemigroup.Membership:c.o (206ms)
✔ [4004/6174] Built Mathlib.Algebra.GroupWithZero.Center:c.o (181ms)
✔ [4005/6174] Built Mathlib.Algebra.Ring.Center:c.o (167ms)
✔ [4006/6174] Built Mathlib.Algebra.Ring.Centralizer:c.o (211ms)
✔ [4007/6174] Built Mathlib.Algebra.Ring.Submonoid.Basic:c.o (211ms)
✔ [4008/6174] Built Mathlib.Data.Set.Finite.Range:c.o (156ms)
✔ [4009/6174] Built Mathlib.Order.Hom.CompleteLattice:c.o (576ms)
✔ [4010/6174] Built Mathlib.Algebra.Group.ULift:c.o (531ms)
✔ [4011/6174] Built Mathlib.Algebra.Ring.Prod:c.o (517ms)
✔ [4012/6174] Built Mathlib.GroupTheory.Submonoid.Center:c.o (318ms)
✔ [4013/6174] Built Mathlib.Algebra.Group.Subsemigroup.Operations:c.o (411ms)
✔ [4014/6174] Built Mathlib.RingTheory.NonUnitalSubsemiring.Basic:c.o (350ms)
✔ [4015/6174] Built Mathlib.Data.Set.Finite.Basic:c.o (267ms)
✔ [4016/6174] Built Mathlib.Data.Int.Cast.Field:c.o (265ms)
✔ [4017/6174] Built Mathlib.Data.Int.Cast.Pi:c.o (296ms)
✔ [4018/6174] Built Mathlib.Data.Int.CharZero:c.o (170ms)
✔ [4019/6174] Built Mathlib.Algebra.Ring.Action.Group:c.o (246ms)
✔ [4020/6174] Built Mathlib.Algebra.Group.Action.Pointwise.Set.Basic:c.o (248ms)
✔ [4021/6174] Built Mathlib.Algebra.Module.Submodule.EqLocus:c.o (181ms)
✔ [4022/6174] Built Mathlib.Algebra.NoZeroSMulDivisors.Basic:c.o (180ms)
✔ [4023/6174] Built Aesop.Search.Expansion.Norm:c.o (15s)
✔ [4024/6174] Built Mathlib.Algebra.Order.Field.Basic:c.o (3.8s)
✔ [4025/6174] Built Mathlib.Data.Fintype.Defs:c.o (2.7s)
✔ [4026/6174] Built Mathlib.GroupTheory.GroupAction.Hom:c.o (1.8s)
✔ [4027/6174] Built Mathlib.Algebra.Ring.Subring.Basic:c.o (532ms)
✔ [4028/6174] Built Mathlib.Algebra.Algebra.Basic:c.o (488ms)
✔ [4029/6174] Built Mathlib.Algebra.Module.Submodule.Range:c.o (272ms)
✔ [4030/6174] Built Mathlib.Algebra.Module.Submodule.Equiv:c.o (284ms)
✔ [4031/6174] Built Mathlib.LinearAlgebra.Span.Defs:c.o (385ms)
✔ [4032/6174] Built Mathlib.Order.Antisymmetrization:c.o (408ms)
✔ [4033/6174] Built Mathlib.Data.Set.Order:c.o (158ms)
✔ [4034/6174] Built Mathlib.Order.Interval.Set.Image:c.o (182ms)
✔ [4035/6174] Built Mathlib.Order.Interval.Set.LinearOrder:c.o (181ms)
✔ [4036/6174] Built Mathlib.Order.Interval.Set.UnorderedInterval:c.o (330ms)
✔ [4037/6174] Built Mathlib.Order.Interval.Set.OrderEmbedding:c.o (116ms)
✔ [4038/6174] Built Mathlib.Order.Antichain:c.o (241ms)
✔ [4039/6174] Built Mathlib.Order.Interval.Set.OrdConnected:c.o (159ms)
✔ [4040/6174] Built Mathlib.Order.Interval.Set.WithBotTop:c.o (148ms)
✔ [4041/6174] Built Mathlib.Order.Cover:c.o (205ms)
✔ [4042/6174] Built Mathlib.Order.ModularLattice:c.o (204ms)
✔ [4043/6174] Built Mathlib.Order.Iterate:c.o (193ms)
✔ [4044/6174] Built Mathlib.Order.ConditionallyCompleteLattice.Indexed:c.o (192ms)
✔ [4045/6174] Built Mathlib.Data.Set.Accumulate:c.o (184ms)
✔ [4046/6174] Built Aesop.Util.EqualUpToIds:c.o (18s)
✔ [4047/6174] Built Mathlib.Tactic.GCongr.Core:c.o (13s)
✔ [4048/6174] Built Mathlib.Algebra.Ring.ULift:c.o (989ms)
✔ [4049/6174] Built Mathlib.Algebra.Ring.Subsemiring.Basic:c.o (582ms)
✔ [4050/6174] Built Mathlib.Algebra.Algebra.Hom:c.o (529ms)
✔ [4051/6174] Built Mathlib.Algebra.Algebra.Equiv:c.o (831ms)
✔ [4052/6174] Built Mathlib.Order.Hom.WithTopBot:c.o (474ms)
✔ [4053/6174] Built Mathlib.Order.Preorder.Chain:c.o (336ms)
✔ [4054/6174] Built Mathlib.Order.LatticeIntervals:c.o (581ms)
✔ [4055/6174] Built Mathlib.Order.SuccPred.Basic:c.o (287ms)
✔ [4056/6174] Built Mathlib.Order.Atoms:c.o (439ms)
✔ [4057/6174] Built Mathlib.Data.Finset.Max:c.o (288ms)
✔ [4058/6174] Built Mathlib.Data.Set.Finite.Powerset:c.o (220ms)
✔ [4059/6174] Built Mathlib.Data.Set.Finite.Lattice:c.o (211ms)
✔ [4060/6174] Built Mathlib.Order.ConditionallyCompleteLattice.Finset:c.o (332ms)
✔ [4061/6174] Built Mathlib.Algebra.Group.Embedding:c.o (241ms)
✔ [4062/6174] Built Mathlib.Data.Multiset.Pi:c.o (217ms)
✔ [4063/6174] Built Mathlib.Logic.Function.DependsOn:c.o (208ms)
✔ [4064/6174] Built Mathlib.Data.Finset.Pi:c.o (207ms)
✔ [4065/6174] Built Mathlib.Data.Set.Sigma:c.o (196ms)
✔ [4066/6174] Built Mathlib.Data.Finset.Option:c.o (296ms)
✔ [4067/6174] Built Mathlib.Order.CompleteLattice.Finset:c.o (204ms)
✔ [4068/6174] Built Mathlib.Data.Finset.Sigma:c.o (266ms)
✔ [4069/6174] Built Mathlib.Data.Finset.Preimage:c.o (247ms)
✔ [4070/6174] Built Mathlib.Order.Interval.Set.SuccPred:c.o (168ms)
✔ [4071/6174] Built Mathlib.Order.Interval.Finset.SuccPred:c.o (217ms)
✔ [4072/6174] Built Mathlib.Order.Minimal:c.o (247ms)
✔ [4073/6174] Built Mathlib.Order.Preorder.Finite:c.o (254ms)
✔ [4074/6174] Built Mathlib.Order.Interval.Finset.Basic:c.o (264ms)
✔ [4075/6174] Built Mathlib.Order.Interval.Multiset:c.o (355ms)
✔ [4076/6174] Built Mathlib.Order.Interval.Finset.Nat:c.o (295ms)
✔ [4077/6174] Built Mathlib.Data.Nat.Lattice:c.o (215ms)
✔ [4078/6174] Built Mathlib.Data.List.MinMax:c.o (326ms)
✔ [4079/6174] Built Mathlib.Data.Nat.Order.Lemmas:c.o (234ms)
✔ [4080/6174] Built Mathlib.Data.Countable.Defs:c.o (223ms)
✔ [4081/6174] Built Mathlib.Data.PNat.Equiv:c.o (262ms)
✔ [4082/6174] Built Mathlib.Data.Nat.Bits:c.o (446ms)
✔ [4083/6174] Built Mathlib.Data.Nat.Pairing:c.o (293ms)
✔ [4084/6174] Built Mathlib.Logic.Equiv.Nat:c.o (240ms)
✔ [4085/6174] Built Mathlib.Logic.Denumerable:c.o (273ms)
✔ [4086/6174] Built Mathlib.Order.OrderIsoNat:c.o (264ms)
✔ [4087/6174] Built Mathlib.Lean.Expr.ExtraRecognizers:c.o (321ms)
✔ [4088/6174] Built Mathlib.Logic.Embedding.Set:c.o (263ms)
✔ [4089/6174] Built Mathlib.Order.RelIso.Set:c.o (252ms)
✔ [4090/6174] Built Mathlib.Data.Finset.Lattice.Prod:c.o (242ms)
✔ [4091/6174] Built Mathlib.Order.Closure:c.o (478ms)
✔ [4092/6174] Built Mathlib.Order.SupClosed:c.o (344ms)
✔ [4093/6174] Built Mathlib.Data.Set.Pairwise.List:c.o (275ms)
✔ [4094/6174] Built Mathlib.Data.Finset.Pairwise:c.o (314ms)
✔ [4095/6174] Built Mathlib.Order.CompleteLatticeIntervals:c.o (306ms)
✔ [4096/6174] Built Mathlib.Order.SupIndep:c.o (287ms)
✔ [4097/6174] Built Mathlib.Order.CompleteLattice.Chain:c.o (127ms)
✔ [4098/6174] Built Mathlib.Order.Zorn:c.o (277ms)
✔ [4099/6174] Built Mathlib.Data.Finset.Order:c.o (267ms)
✔ [4100/6174] Built Mathlib.Order.Interval.Set.OrderIso:c.o (330ms)
✔ [4101/6174] Built Mathlib.Data.Finite.Set:c.o (330ms)
✔ [4102/6174] Built Mathlib.Order.CompactlyGenerated.Basic:c.o (255ms)
✔ [4103/6174] Built Mathlib.Control.Monad.Basic:c.o (339ms)
✔ [4104/6174] Built Mathlib.Dynamics.FixedPoints.Basic:c.o (330ms)
✔ [4105/6174] Built Mathlib.Order.Part:c.o (206ms)
✔ [4106/6174] Built Mathlib.Order.ScottContinuity:c.o (186ms)
✔ [4107/6174] Built Mathlib.LinearAlgebra.Span.Basic:c.o (290ms)
✔ [4108/6174] Built Mathlib.Tactic.ArithMult.Init:c.o (265ms)
✔ [4109/6174] Built Mathlib.Tactic.Linarith.Lemmas:c.o (303ms)
✔ [4110/6174] Built Mathlib.Tactic.NormNum.Core:c.o (4.9s)
✔ [4111/6174] Built Mathlib.Logic.Encodable.Basic:c.o (701ms)
✔ [4112/6174] Built Mathlib.Data.Set.Notation:c.o (580ms)
✔ [4113/6174] Built Mathlib.Data.Part:c.o (483ms)
✔ [4114/6174] Built Mathlib.Algebra.Algebra.Tower:c.o (342ms)
✔ [4115/6174] Built Mathlib.Util.SynthesizeUsing:c.o (337ms)
✔ [4116/6174] Built Mathlib.Lean.Meta.Tactic.Rewrite:c.o (255ms)
✔ [4117/6174] Built Mathlib.Data.Rat.Cast.CharZero:c.o (152ms)
✔ [4118/6174] Built Mathlib.Order.OmegaCompletePartialOrder:c.o (564ms)
✔ [4119/6174] Built Mathlib.Tactic.CC.Lemmas:c.o (155ms)
✔ [4120/6174] Built Mathlib.Tactic.ArithMult:c.o (591ms)
✔ [4121/6174] Built Mathlib.Data.Ineq:c.o (602ms)
✔ [4122/6174] Built Mathlib.Algebra.Order.Field.Defs:c.o (173ms)
✔ [4123/6174] Built Mathlib.Tactic.CancelDenoms:c.o (149ms)
✔ [4124/6174] Built Mathlib.CategoryTheory.Category.Init:c.o (198ms)
✔ [4125/6174] Built Mathlib.Logic.Small.Defs:c.o (112ms)
✔ [4126/6174] Built Mathlib.Data.Tree.Basic:c.o (563ms)
✔ [4127/6174] Built Mathlib.Tactic.Zify:c.o (518ms)
✔ [4128/6174] Built Mathlib.Tactic.Linarith.Oracle.SimplexAlgorithm.Datatypes:c.o (617ms)
✔ [4129/6174] Built Mathlib.Tactic.Relation.Symm:c.o (465ms)
✔ [4130/6174] Built Mathlib.Data.Opposite:c.o (241ms)
✔ [4131/6174] Built Mathlib.Combinatorics.Quiver.Basic:c.o (283ms)
✔ [4132/6174] Built Mathlib.Combinatorics.Quiver.Prefunctor:c.o (345ms)
✔ [4133/6174] Built Mathlib.CategoryTheory.NatTrans:c.o (192ms)
✔ [4134/6174] Built Mathlib.CategoryTheory.Functor.Basic:c.o (414ms)
✔ [4135/6174] Built Mathlib.Tactic.Linarith.Oracle.SimplexAlgorithm.PositiveVector:c.o (1.0s)
✔ [4136/6174] Built Mathlib.Tactic.Bound:c.o (787ms)
✔ [4137/6174] Built Mathlib.CategoryTheory.Functor.Category:c.o (345ms)
✔ [4138/6174] Built Mathlib.CategoryTheory.NatIso:c.o (262ms)
✔ [4139/6174] Built Mathlib.CategoryTheory.Iso:c.o (414ms)
✔ [4140/6174] Built Mathlib.Tactic.ApplyFun:c.o (3.2s)
✔ [4141/6174] Built Mathlib.Order.Interval.Finset.Defs:c.o (1.0s)
✔ [4142/6174] Built Mathlib.Tactic.Linarith.Oracle.SimplexAlgorithm.Gauss:c.o (1.4s)
✔ [4143/6174] Built Mathlib.CategoryTheory.Bicategory.Basic:c.o (602ms)
✔ [4144/6174] Built Mathlib.Tactic.CategoryTheory.BicategoricalComp:c.o (545ms)
✔ [4145/6174] Built Mathlib.CategoryTheory.ObjectProperty.Basic:c.o (126ms)
✔ [4146/6174] Built Mathlib.Tactic.CategoryTheory.Reassoc:c.o (1.0s)
✔ [4147/6174] Built Mathlib.CategoryTheory.InducedCategory:c.o (211ms)
✔ [4148/6174] Built Mathlib.CategoryTheory.Functor.FullyFaithful:c.o (314ms)
✔ [4149/6174] Built Mathlib.Tactic.CategoryTheory.CheckCompositions:c.o (1.3s)
✔ [4150/6174] Built Mathlib.CategoryTheory.ObjectProperty.FullSubcategory:c.o (249ms)
✔ [4151/6174] Built Mathlib.CategoryTheory.ObjectProperty.ClosedUnderIsomorphisms:c.o (122ms)
✔ [4152/6174] Built Mathlib.Util.AddRelatedDecl:c.o (1.4s)
✔ [4153/6174] Built Mathlib.Tactic.CategoryTheory.IsoReassoc:c.o (321ms)
✔ [4154/6174] Built Mathlib.CategoryTheory.EssentialImage:c.o (155ms)
✔ [4155/6174] Built Aesop.Search.Main:c.o (17s)
✔ [4156/6174] Built Mathlib.Tactic.CC:c.o (1.8s)
✔ [4157/6174] Built Mathlib.CategoryTheory.Category.Basic:c.o (1.5s)
✔ [4158/6174] Built Mathlib.Algebra.BigOperators.Group.Finset.Defs:c.o (5.3s)
✔ [4159/6174] Built Mathlib.Logic.Lemmas:c.o (136ms)
✔ [4160/6174] Built Mathlib.CategoryTheory.EqToHom:c.o (237ms)
✔ [4161/6174] Built Mathlib.CategoryTheory.Functor.Const:c.o (319ms)
✔ [4162/6174] Built Mathlib.CategoryTheory.Whiskering:c.o (655ms)
✔ [4163/6174] Built Mathlib.Combinatorics.Quiver.Push:c.o (158ms)
✔ [4164/6174] Built Mathlib.Tactic.Linarith.Oracle.SimplexAlgorithm.SimplexAlgorithm:c.o (2.4s)
✔ [4165/6174] Built Mathlib.Tactic.CategoryTheory.Coherence.Datatypes:c.o (1.5s)
✔ [4166/6174] Built Mathlib.CategoryTheory.Opposites:c.o (659ms)
✔ [4167/6174] Built Mathlib.CategoryTheory.Pi.Basic:c.o (541ms)
✔ [4168/6174] Built Mathlib.Combinatorics.Quiver.Symmetric:c.o (338ms)
✔ [4169/6174] Built Mathlib.CategoryTheory.Functor.ReflectsIso.Basic:c.o (237ms)
✔ [4170/6174] Built Mathlib.Combinatorics.Quiver.Path:c.o (476ms)
✔ [4171/6174] Built Mathlib.CategoryTheory.Groupoid:c.o (335ms)
✔ [4172/6174] Built Mathlib.CategoryTheory.Quotient:c.o (312ms)
✔ [4173/6174] Built Mathlib.CategoryTheory.Bicategory.Strict.Basic:c.o (165ms)
✔ [4174/6174] Built Mathlib.CategoryTheory.PathCategory.Basic:c.o (314ms)
✔ [4175/6174] Built Mathlib.CategoryTheory.ConcreteCategory.Bundled:c.o (191ms)
✔ [4176/6174] Built Mathlib.Tactic.Abel:c.o (5.4s)
✔ [4177/6174] Built Mathlib.Tactic.Linarith.Verification:c.o (2.9s)
✔ [4178/6174] Built Mathlib.CategoryTheory.Bicategory.Functor.Prelax:c.o (370ms)
✔ [4179/6174] Built Mathlib.CategoryTheory.EpiMono:c.o (292ms)
✔ [4180/6174] Built Mathlib.CategoryTheory.Types.Basic:c.o (319ms)
✔ [4181/6174] Built Mathlib.CategoryTheory.Category.Cat:c.o (381ms)
✔ [4182/6174] Built Mathlib.Tactic.Linarith.Datatypes:c.o (3.1s)
✔ [4183/6174] Built Mathlib.Tactic.NormNum.Inv:c.o (2.0s)
✔ [4184/6174] Built Mathlib.Tactic.CategoryTheory.Slice:c.o (1.3s)
✔ [4185/6174] Built Mathlib.CategoryTheory.Equivalence:c.o (1.2s)
✔ [4186/6174] Built Mathlib.CategoryTheory.Products.Basic:c.o (1.1s)
✔ [4187/6174] Built Mathlib.CategoryTheory.Bicategory.Functor.Oplax:c.o (486ms)
✔ [4188/6174] Built Mathlib.CategoryTheory.Bicategory.Functor.Lax:c.o (495ms)
✔ [4189/6174] Built Mathlib.CategoryTheory.Bicategory.LocallyDiscrete:c.o (300ms)
✔ [4190/6174] Built Mathlib.CategoryTheory.Functor.Hom:c.o (152ms)
✔ [4191/6174] Built Mathlib.Tactic.CC.Datatypes:c.o (3.1s)
✔ [4192/6174] Built Mathlib.CategoryTheory.Discrete.Basic:c.o (779ms)
✔ [4193/6174] Built Mathlib.CategoryTheory.Bicategory.Functor.Pseudofunctor:c.o (539ms)
✔ [4194/6174] Built Mathlib.CategoryTheory.Products.Unitor:c.o (212ms)
✔ [4195/6174] Built Mathlib.CategoryTheory.Adjunction.FullyFaithful:c.o (144ms)
✔ [4196/6174] Built Batteries.Tactic.Case:c.o (13s)
✔ [4197/6174] Built Mathlib.CategoryTheory.Functor.Trifunctor:c.o (450ms)
✔ [4198/6174] Built Mathlib.CategoryTheory.MorphismProperty.Basic:c.o (274ms)
✔ [4199/6174] Built Mathlib.Tactic.Cases:c.o (3.2s)
✔ [4200/6174] Built Mathlib.Tactic.Linarith.Parsing:c.o (3.6s)
✔ [4201/6174] Built Mathlib.Tactic.CategoryTheory.Coherence.Basic:c.o (2.6s)
✔ [4202/6174] Built Mathlib.CategoryTheory.Comma.Arrow:c.o (470ms)
✔ [4203/6174] Built Mathlib.CategoryTheory.Yoneda:c.o (730ms)
✔ [4204/6174] Built Mathlib.CategoryTheory.Adjunction.Basic:c.o (739ms)
✔ [4205/6174] Built Mathlib.Tactic.CategoryTheory.MonoidalComp:c.o (492ms)
✔ [4206/6174] Built Mathlib.CategoryTheory.ConcreteCategory.Basic:c.o (431ms)
✔ [4207/6174] Built Mathlib.Tactic.Widget.LibraryRewrite:c.o (10s)
✔ [4208/6174] Built Mathlib.Tactic.Clean:c.o (264ms)
✔ [4209/6174] Built Mathlib.Algebra.Group.Irreducible.Defs:c.o (123ms)
✔ [4210/6174] Built Mathlib.Algebra.Group.Irreducible.Lemmas:c.o (128ms)
✔ [4211/6174] Built Mathlib.Algebra.Prime.Defs:c.o (167ms)
✔ [4212/6174] Built Mathlib.Algebra.Prime.Lemmas:c.o (122ms)
✔ [4213/6174] Built Mathlib.Tactic.NormNum.Eq:c.o (3.8s)
✔ [4214/6174] Built Mathlib.CategoryTheory.Bicategory.Coherence:c.o (1.2s)
✔ [4215/6174] Built Mathlib.Algebra.BigOperators.Group.Finset.Lemmas:c.o (143ms)
✔ [4216/6174] Built Mathlib.Data.Finset.Piecewise:c.o (166ms)
✔ [4217/6174] Built Mathlib.Algebra.BigOperators.Group.Finset.Piecewise:c.o (140ms)
✔ [4218/6174] Built Mathlib.Algebra.BigOperators.GroupWithZero.Finset:c.o (150ms)
✔ [4219/6174] Built Mathlib.Algebra.Notation.Indicator:c.o (137ms)
✔ [4220/6174] Built Mathlib.Tactic.CategoryTheory.ToApp:c.o (1.6s)
✔ [4221/6174] Built Mathlib.CategoryTheory.Bicategory.Free:c.o (1.4s)
✔ [4222/6174] Built Mathlib.CategoryTheory.Monoidal.Functor:c.o (1.0s)
✔ [4223/6174] Built Mathlib.CategoryTheory.Monoidal.Free.Basic:c.o (904ms)
✔ [4224/6174] Built Mathlib.Algebra.Group.Indicator:c.o (150ms)
✔ [4225/6174] Built Mathlib.Algebra.Notation.FiniteSupport:c.o (135ms)
✔ [4226/6174] Built Mathlib.Algebra.Order.BigOperators.Group.List:c.o (132ms)
✔ [4227/6174] Built Mathlib.Tactic.Linarith.Frontend:c.o (4.1s)
✔ [4228/6174] Built Mathlib.CategoryTheory.Monoidal.Category:c.o (1.3s)
✔ [4229/6174] Built Mathlib.Algebra.GroupWithZero.Associated:c.o (447ms)
✔ [4230/6174] Built Mathlib.Algebra.GroupWithZero.NonZeroDivisors:c.o (372ms)
✔ [4231/6174] Built Mathlib.Algebra.BigOperators.Pi:c.o (242ms)
✔ [4232/6174] Built Mathlib.Algebra.Order.BigOperators.Group.Multiset:c.o (183ms)
✔ [4233/6174] Built Mathlib.Data.Multiset.OrderedMonoid:c.o (147ms)
✔ [4234/6174] Built Mathlib.Algebra.BigOperators.Group.Finset.Sigma:c.o (149ms)
✔ [4235/6174] Built Mathlib.Algebra.Order.BigOperators.Group.Finset:c.o (134ms)
✔ [4236/6174] Built Mathlib.Algebra.BigOperators.GroupWithZero.Action:c.o (137ms)
✔ [4237/6174] Built Mathlib.Algebra.BigOperators.Option:c.o (132ms)
✔ [4238/6174] Built Mathlib.Tactic.Algebraize:c.o (4.5s)
✔ [4239/6174] Built Mathlib.CategoryTheory.Comma.Basic:c.o (1.3s)
✔ [4240/6174] Built Mathlib.Tactic.Change:c.o (774ms)
✔ [4241/6174] Built Mathlib.Data.Fintype.Option:c.o (205ms)
✔ [4242/6174] Built Mathlib.Data.Fintype.Prod:c.o (166ms)
✔ [4243/6174] Built Mathlib.Data.Fintype.Sigma:c.o (157ms)
✔ [4244/6174] Built Mathlib.Data.Fintype.Sum:c.o (183ms)
✔ [4245/6174] Built Mathlib.Data.Fintype.Pi:c.o (193ms)
✔ [4246/6174] Built Mathlib.Data.List.Scan:c.o (141ms)
✔ [4247/6174] Built Mathlib.Control.Applicative:c.o (175ms)
✔ [4248/6174] Built Mathlib.Data.Fintype.Vector:c.o (176ms)
✔ [4249/6174] Built Mathlib.Data.Fintype.BigOperators:c.o (167ms)
✔ [4250/6174] Built Mathlib.Algebra.Module.BigOperators:c.o (167ms)
✔ [4251/6174] Built Mathlib.Algebra.BigOperators.Group.Finset.Pi:c.o (194ms)
✔ [4252/6174] Built Mathlib.Tactic.CategoryTheory.BicategoryCoherence:c.o (1.7s)
✔ [4253/6174] Built Mathlib.Control.Traversable.Basic:c.o (287ms)
✔ [4254/6174] Built Mathlib.Algebra.BigOperators.Ring.List:c.o (191ms)
✔ [4255/6174] Built Mathlib.Data.Multiset.Antidiagonal:c.o (195ms)
✔ [4256/6174] Built Mathlib.Data.Multiset.Sections:c.o (179ms)
✔ [4257/6174] Built Mathlib.Algebra.BigOperators.Ring.Multiset:c.o (241ms)
✔ [4258/6174] Built Mathlib.Data.Fintype.Powerset:c.o (157ms)
✔ [4259/6174] Built Mathlib.Algebra.BigOperators.Ring.Finset:c.o (170ms)
✔ [4260/6174] Built Mathlib.Data.Finsupp.Single:c.o (148ms)
✔ [4261/6174] Built Mathlib.Data.Finsupp.Ext:c.o (160ms)
✔ [4262/6174] Built Mathlib.Data.Finsupp.Indicator:c.o (162ms)
✔ [4263/6174] Built Mathlib.Algebra.BigOperators.Finprod:c.o (500ms)
✔ [4264/6174] Built Mathlib.Data.Vector.Defs:c.o (429ms)
✔ [4265/6174] Built Mathlib.Algebra.Group.Finsupp:c.o (174ms)
✔ [4266/6174] Built Mathlib.Algebra.BigOperators.Finsupp.Basic:c.o (215ms)
✔ [4267/6174] Built Mathlib.Algebra.BigOperators.Group.Finset.Preimage:c.o (136ms)
✔ [4268/6174] Built Mathlib.Data.Rat.BigOperators:c.o (137ms)
✔ [4269/6174] Built Mathlib.Data.Finsupp.SMulWithZero:c.o (154ms)
✔ [4270/6174] Built Mathlib.Algebra.MonoidAlgebra.Lift:c.o (194ms)
✔ [4271/6174] Built Mathlib.Algebra.Module.Basic:c.o (194ms)
✔ [4272/6174] Built Mathlib.Data.Finsupp.SMul:c.o (203ms)
✔ [4273/6174] Built Mathlib.Data.Vector.Basic:c.o (604ms)
✔ [4274/6174] Built Mathlib.Data.Sym.Basic:c.o (605ms)
✔ [4275/6174] Built Mathlib.Data.Finsupp.Defs:c.o (393ms)
✔ [4276/6174] Built Mathlib.Algebra.MonoidAlgebra.Defs:c.o (271ms)
✔ [4277/6174] Built Mathlib.LinearAlgebra.Finsupp.Defs:c.o (233ms)
✔ [4278/6174] Built Mathlib.LinearAlgebra.Finsupp.LSum:c.o (209ms)
✔ [4279/6174] Built Mathlib.Algebra.MonoidAlgebra.Module:c.o (172ms)
✔ [4280/6174] Built Mathlib.LinearAlgebra.Finsupp.Supported:c.o (209ms)
✔ [4281/6174] Built Mathlib.Data.Finite.Prod:c.o (181ms)
✔ [4282/6174] Built Mathlib.Algebra.Group.Pointwise.Set.ListOfFn:c.o (228ms)
✔ [4283/6174] Built Mathlib.Data.Finsupp.Basic:c.o (468ms)
✔ [4284/6174] Built Mathlib.Algebra.Group.Pointwise.Set.Finite:c.o (332ms)
✔ [4285/6174] Built Mathlib.Data.Finset.NAry:c.o (256ms)
✔ [4286/6174] Built Mathlib.Algebra.MonoidAlgebra.Support:c.o (209ms)
✔ [4287/6174] Built Mathlib.Data.Nat.Prime.Defs:c.o (248ms)
✔ [4288/6174] Built Mathlib.Algebra.CharP.Defs:c.o (163ms)
✔ [4289/6174] Built Mathlib.Algebra.Group.UniqueProds.Basic:c.o (212ms)
✔ [4290/6174] Built Mathlib.Algebra.MonoidAlgebra.Opposite:c.o (157ms)
✔ [4291/6174] Built Mathlib.Algebra.MonoidAlgebra.NoZeroDivisors:c.o (144ms)
✔ [4292/6174] Built Mathlib.Tactic.GeneralizeProofs:c.o (13s)
✔ [4293/6174] Built Mathlib.Data.Finset.Sort:c.o (238ms)
✔ [4294/6174] Built Mathlib.Algebra.Regular.Basic:c.o (215ms)
✔ [4295/6174] Built Mathlib.Order.SuccPred.Limit:c.o (166ms)
✔ [4296/6174] Built Mathlib.Order.SuccPred.WithBot:c.o (192ms)
✔ [4297/6174] Built Mathlib.Algebra.Order.SuccPred:c.o (153ms)
✔ [4298/6174] Built Mathlib.Algebra.Order.Interval.Finset.SuccPred:c.o (141ms)
✔ [4299/6174] Built Mathlib.Data.Nat.SuccPred:c.o (163ms)
✔ [4300/6174] Built Mathlib.CategoryTheory.Monoidal.Free.Coherence:c.o (1.9s)
✔ [4301/6174] Built Mathlib.Data.Multiset.Sort:c.o (346ms)
✔ [4302/6174] Built Mathlib.Order.SuccPred.Archimedean:c.o (323ms)
✔ [4303/6174] Built Mathlib.Algebra.Order.BigOperators.Group.LocallyFinite:c.o (260ms)
✔ [4304/6174] Built Mathlib.Algebra.Order.Interval.Set.Monoid:c.o (189ms)
✔ [4305/6174] Built Mathlib.Algebra.Order.Interval.Finset.Basic:c.o (208ms)
✔ [4306/6174] Built Mathlib.Algebra.BigOperators.Intervals:c.o (197ms)
✔ [4307/6174] Built Mathlib.Algebra.Order.Antidiag.Prod:c.o (220ms)
✔ [4308/6174] Built Mathlib.Data.List.NatAntidiagonal:c.o (163ms)
✔ [4309/6174] Built Mathlib.Data.Multiset.NatAntidiagonal:c.o (136ms)
✔ [4310/6174] Built Mathlib.Data.Finset.NatAntidiagonal:c.o (167ms)
✔ [4311/6174] Built Mathlib.Algebra.BigOperators.NatAntidiagonal:c.o (157ms)
✔ [4312/6174] Built Mathlib.Algebra.Polynomial.Basic:c.o (490ms)
✔ [4313/6174] Built Mathlib.Algebra.Order.Ring.Canonical:c.o (213ms)
✔ [4314/6174] Built Mathlib.Algebra.Order.Nonneg.Lattice:c.o (203ms)
✔ [4315/6174] Built Mathlib.Algebra.Order.Ring.InjSurj:c.o (192ms)
✔ [4316/6174] Built Mathlib.Algebra.Order.Nonneg.Ring:c.o (207ms)
✔ [4317/6174] Built Mathlib.Data.Rat.Cast.Lemmas:c.o (163ms)
✔ [4318/6174] Built Mathlib.Tactic.Bound.Attribute:c.o (16s)
✔ [4319/6174] Built Mathlib.Algebra.Group.Pointwise.Finset.Basic:c.o (708ms)
✔ [4320/6174] Built Mathlib.Algebra.Order.Field.Canonical:c.o (287ms)
✔ [4321/6174] Built Mathlib.Algebra.Order.Group.PosPart:c.o (190ms)
✔ [4322/6174] Built Mathlib.Algebra.Order.Field.Rat:c.o (145ms)
✔ [4323/6174] Built Mathlib.Tactic.NormNum:c.o (195ms)
✔ [4324/6174] Built Mathlib.Tactic.Linarith:c.o (195ms)
✔ [4325/6174] Built Mathlib.Tactic.Ring.PNat:c.o (137ms)
✔ [4326/6174] Built Mathlib.Algebra.Order.Nonneg.Field:c.o (355ms)
✔ [4327/6174] Built Mathlib.Algebra.Notation:c.o (441ms)
✔ [4328/6174] Built Mathlib.Data.PNat.Basic:c.o (246ms)
✔ [4329/6174] Built Mathlib.Tactic.Ring:c.o (138ms)
✔ [4330/6174] Built Mathlib.Data.Nat.Choose.Sum:c.o (141ms)
✔ [4331/6174] Built Mathlib.Algebra.Polynomial.Coeff:c.o (201ms)
✔ [4332/6174] Built Mathlib.Order.Filter.Basic:c.o (187ms)
✔ [4333/6174] Built Mathlib.Order.Filter.Extr:c.o (137ms)
✔ [4334/6174] Built Mathlib.Tactic.NormNum.Pow:c.o (5.5s)
✔ [4335/6174] Built Mathlib.Algebra.Order.Positive.Ring:c.o (286ms)
✔ [4336/6174] Built Mathlib.Order.Filter.Map:c.o (204ms)
✔ [4337/6174] Built Mathlib.Order.Filter.Tendsto:c.o (173ms)
✔ [4338/6174] Built Mathlib.Algebra.MonoidAlgebra.Degree:c.o (173ms)
✔ [4339/6174] Built Mathlib.Data.Nat.Cast.WithTop:c.o (160ms)
✔ [4340/6174] Built Mathlib.Algebra.Polynomial.Degree.Support:c.o (126ms)
✔ [4341/6174] Built Mathlib.Tactic.NormNum.Ineq:c.o (5.5s)
✔ [4342/6174] Built Mathlib.Algebra.Order.GroupWithZero.Synonym:c.o (297ms)
✔ [4343/6174] Built Mathlib.Algebra.Polynomial.Degree.Definitions:c.o (202ms)
✔ [4344/6174] Built Mathlib.Algebra.Polynomial.Degree.Operations:c.o (163ms)
✔ [4345/6174] Built Mathlib.Algebra.Polynomial.Degree.Domain:c.o (165ms)
✔ [4346/6174] Built Mathlib.Data.Nat.WithBot:c.o (129ms)
✔ [4347/6174] Built Mathlib.Algebra.Polynomial.Degree.SmallDegree:c.o (118ms)
✔ [4348/6174] Built Mathlib.Algebra.Polynomial.Degree.Units:c.o (130ms)
✔ [4349/6174] Built Mathlib.Algebra.Polynomial.Eval.Coeff:c.o (140ms)
✔ [4350/6174] Built Mathlib.Algebra.Polynomial.Eval.Degree:c.o (164ms)
✔ [4351/6174] Built Mathlib.Algebra.Polynomial.Degree.Lemmas:c.o (137ms)
✔ [4352/6174] Built Mathlib.Data.DFinsupp.Defs:c.o (1.0s)
✔ [4353/6174] Built Mathlib.Algebra.Order.Ring.WithTop:c.o (404ms)
✔ [4354/6174] Built Mathlib.Tactic.Continuity.Init:c.o (171ms)
✔ [4355/6174] Built Mathlib.Control.Traversable.Lemmas:c.o (130ms)
✔ [4356/6174] Built Mathlib.Order.SetNotation:c.o (10s)
✔ [4357/6174] Built Mathlib.Tactic.Linarith.Oracle.SimplexAlgorithm:c.o (5.9s)
✔ [4358/6174] Built Mathlib.Algebra.Polynomial.Eval.Defs:c.o (309ms)
✔ [4359/6174] Built Mathlib.Algebra.Order.Sub.WithTop:c.o (171ms)
✔ [4360/6174] Built Mathlib.Data.ENat.Defs:c.o (206ms)
✔ [4361/6174] Built Mathlib.Tactic.TFAE:c.o (11s)
✔ [4362/6174] Built Mathlib.Tactic.Continuity:c.o (421ms)
✔ [4363/6174] Built Mathlib.Data.ENat.Basic:c.o (290ms)
✔ [4364/6174] Built Mathlib.Tactic.Eval:c.o (218ms)
✔ [4365/6174] Built Mathlib.Tactic.ExtractLets:c.o (144ms)
✔ [4366/6174] Built Mathlib.Tactic.NormNum.OfScientific:c.o (919ms)
✔ [4367/6174] Built Mathlib.Tactic.FieldSimp.Attr:c.o (171ms)
✔ [4368/6174] Built Mathlib.Algebra.Field.Power:c.o (122ms)
✔ [4369/6174] Built Mathlib.Tactic.ContinuousFunctionalCalculus:c.o (543ms)
✔ [4370/6174] Built Mathlib.Tactic.Explode.Datatypes:c.o (354ms)
✔ [4371/6174] Built Mathlib.Tactic.Explode.Pretty:c.o (495ms)
✔ [4372/6174] Built Mathlib.Util.DischargerAsTactic:c.o (364ms)
✔ [4373/6174] Built Mathlib.Algebra.Ring.Aut:c.o (192ms)
✔ [4374/6174] Built Mathlib.Algebra.Order.Group.Basic:c.o (131ms)
✔ [4375/6174] Built Mathlib.Tactic.NormNum.DivMod:c.o (1.2s)
✔ [4376/6174] Built Mathlib.Algebra.Order.Module.Defs:c.o (151ms)
✔ [4377/6174] Built Mathlib.Algebra.Order.Floor.Semiring:c.o (121ms)
✔ [4378/6174] Built Mathlib.Algebra.Star.Basic:c.o (415ms)
✔ [4379/6174] Built Mathlib.Algebra.Order.GroupWithZero.Action.Synonym:c.o (322ms)
✔ [4380/6174] Built Mathlib.Algebra.Order.Ring.Pow:c.o (122ms)
✔ [4381/6174] Built Mathlib.Algebra.Order.Nonneg.Module:c.o (358ms)
✔ [4382/6174] Built Mathlib.Data.Int.LeastGreatest:c.o (194ms)
✔ [4383/6174] Built Mathlib.Algebra.Order.Interval.Set.Group:c.o (148ms)
✔ [4384/6174] Built Mathlib.Tactic.Finiteness:c.o (751ms)
✔ [4385/6174] Built Mathlib.Algebra.Order.Floor.Defs:c.o (523ms)
✔ [4386/6174] Built Mathlib.Algebra.Order.Round:c.o (147ms)
✔ [4387/6174] Built Mathlib.Algebra.Order.Archimedean.Basic:c.o (118ms)
✔ [4388/6174] Built Mathlib.Algebra.Order.Group.Pointwise.Bounds:c.o (136ms)
✔ [4389/6174] Built Mathlib.Order.Interval.Set.Disjoint:c.o (132ms)
✔ [4390/6174] Built Mathlib.Data.Real.Archimedean:c.o (147ms)
✔ [4391/6174] Built Mathlib.Tactic.ENatToNat:c.o (1.2s)
✔ [4392/6174] Built Mathlib.Tactic.FinCases:c.o (1000ms)
✔ [4393/6174] Built Mathlib.Order.ConditionallyCompleteLattice.Group:c.o (128ms)
✔ [4394/6174] Built Mathlib.Algebra.Algebra.Rat:c.o (145ms)
✔ [4395/6174] Built Mathlib.Tactic.CategoryTheory.Coherence:c.o (3.9s)
✔ [4396/6174] Built Mathlib.Tactic.NormNum.Abs:c.o (1.9s)
✔ [4397/6174] Built Mathlib.Data.NNRat.Order:c.o (124ms)
✔ [4398/6174] Built Mathlib.Data.Finset.Density:c.o (158ms)
✔ [4399/6174] Built Mathlib.Algebra.Order.BigOperators.Ring.List:c.o (135ms)
✔ [4400/6174] Built Mathlib.Algebra.Order.BigOperators.Ring.Multiset:c.o (140ms)
✔ [4401/6174] Built Mathlib.Algebra.Order.Nonneg.Floor:c.o (135ms)
✔ [4402/6174] Built Mathlib.Algebra.GroupWithZero.Pointwise.Set.Basic:c.o (123ms)
✔ [4403/6174] Built Mathlib.Algebra.GroupWithZero.Action.Pointwise.Set:c.o (131ms)
✔ [4404/6174] Built Mathlib.Analysis.Normed.Group.Seminorm:c.o (446ms)
✔ [4405/6174] Built Mathlib.Algebra.Order.Module.Pointwise:c.o (127ms)
✔ [4406/6174] Built Mathlib.Data.Real.Pointwise:c.o (121ms)
✔ [4407/6174] Built Mathlib.Data.NNReal.Basic:c.o (260ms)
✔ [4408/6174] Built Mathlib.Algebra.GroupWithZero.Indicator:c.o (146ms)
✔ [4409/6174] Built Mathlib.Order.Filter.Bases.Basic:c.o (162ms)
✔ [4410/6174] Built Mathlib.Tactic.Ring.RingNF:c.o (2.4s)
✔ [4411/6174] Built Mathlib.Topology.ContinuousMap.Defs:c.o (283ms)
✔ [4412/6174] Built Mathlib.Order.Filter.AtTopBot.Defs:c.o (125ms)
✔ [4413/6174] Built Mathlib.Tactic.FieldSimp.Lemmas:c.o (1.7s)
✔ [4414/6174] Built Mathlib.Tactic.FindSyntax:c.o (1.6s)
✔ [4415/6174] Built Mathlib.Topology.Defs.Basic:c.o (422ms)
✔ [4416/6174] Built Mathlib.Order.Filter.AtTopBot.Disjoint:c.o (151ms)
✔ [4417/6174] Built Mathlib.Order.Filter.AtTopBot.Tendsto:c.o (129ms)
✔ [4418/6174] Built Mathlib.Order.Filter.AtTopBot.Basic:c.o (132ms)
✔ [4419/6174] Built Mathlib.Tactic.Linarith.Preprocessing:c.o (7.8s)
✔ [4420/6174] Built Mathlib.Order.Filter.Prod:c.o (134ms)
✔ [4421/6174] Built Mathlib.Order.Filter.Finite:c.o (146ms)
✔ [4422/6174] Built Mathlib.Order.Filter.Lift:c.o (142ms)
✔ [4423/6174] Built Mathlib.Topology.Basic:c.o (135ms)
✔ [4424/6174] Built Mathlib.Data.NNReal.Defs:c.o (1.1s)
✔ [4425/6174] Built Mathlib.Topology.Closure:c.o (163ms)
✔ [4426/6174] Built Mathlib.Topology.Neighborhoods:c.o (132ms)
✔ [4427/6174] Built Mathlib.Topology.ClusterPt:c.o (155ms)
✔ [4428/6174] Built Mathlib.Topology.Continuous:c.o (138ms)
✔ [4429/6174] Built Mathlib.Topology.Defs.Induced:c.o (135ms)
✔ [4430/6174] Built Mathlib.Topology.NhdsSet:c.o (131ms)
✔ [4431/6174] Built Mathlib.Order.Filter.Defs:c.o (2.6s)
✔ [4432/6174] Built Mathlib.Tactic.Explode:c.o (2.1s)
✔ [4433/6174] Built Mathlib.Topology.Order:c.o (227ms)
✔ [4434/6174] Built Mathlib.Topology.Maps.Basic:c.o (148ms)
✔ [4435/6174] Built Mathlib.Data.Set.Constructions:c.o (124ms)
✔ [4436/6174] Built Mathlib.Data.Set.Finite.Lemmas:c.o (124ms)
✔ [4437/6174] Built Mathlib.Order.Filter.Bases.Finite:c.o (146ms)
✔ [4438/6174] Built Mathlib.Tactic.FieldSimp.Discharger:c.o (2.2s)
✔ [4439/6174] Built Mathlib.Order.Filter.AtTopBot.Finite:c.o (150ms)
✔ [4440/6174] Built Mathlib.Order.Filter.AtTopBot.Prod:c.o (144ms)
✔ [4441/6174] Built Mathlib.Data.Countable.Basic:c.o (133ms)
✔ [4442/6174] Built Mathlib.Data.Set.Countable:c.o (141ms)
✔ [4443/6174] Built Mathlib.Order.Filter.CountablyGenerated:c.o (127ms)
✔ [4444/6174] Built Mathlib.Order.Filter.AtTopBot.CountablyGenerated:c.o (140ms)
✔ [4445/6174] Built Mathlib.Topology.Homeomorph.Defs:c.o (347ms)
✔ [4446/6174] Built Mathlib.Order.Filter.Ker:c.o (152ms)
✔ [4447/6174] Built Mathlib.Order.Filter.Pi:c.o (153ms)
✔ [4448/6174] Built Mathlib.Order.Filter.Cofinite:c.o (142ms)
✔ [4449/6174] Built Mathlib.Order.Filter.Curry:c.o (156ms)
✔ [4450/6174] Built Mathlib.Topology.Separation.SeparatedNhds:c.o (167ms)
✔ [4451/6174] Built Mathlib.Logic.Equiv.List:c.o (372ms)
✔ [4452/6174] Built Mathlib.Topology.Constructions.SumProd:c.o (171ms)
✔ [4453/6174] Built Mathlib.Topology.Constructions:c.o (190ms)
✔ [4454/6174] Built Mathlib.Topology.ContinuousOn:c.o (143ms)
✔ [4455/6174] Built Mathlib.Topology.Bases:c.o (145ms)
✔ [4456/6174] Built Mathlib.Topology.Bornology.Basic:c.o (144ms)
✔ [4457/6174] Built Mathlib.Order.ZornAtoms:c.o (141ms)
✔ [4458/6174] Built Mathlib.Order.Filter.Ultrafilter.Basic:c.o (133ms)
✔ [4459/6174] Built Mathlib.Algebra.BigOperators.Expect:c.o (1.4s)
✔ [4460/6174] Built Mathlib.Order.Filter.Ultrafilter.Defs:c.o (220ms)
✔ [4461/6174] Built Mathlib.Topology.Ultrafilter:c.o (155ms)
✔ [4462/6174] Built Mathlib.Topology.Defs.Ultrafilter:c.o (139ms)
✔ [4463/6174] Built Mathlib.Topology.Compactness.Compact:c.o (150ms)
✔ [4464/6174] Built Mathlib.Topology.Compactness.LocallyCompact:c.o (147ms)
✔ [4465/6174] Built Mathlib.Order.Filter.SmallSets:c.o (123ms)
✔ [4466/6174] Built Mathlib.Topology.LocallyFinite:c.o (123ms)
✔ [4467/6174] Built Mathlib.Topology.Compactness.LocallyFinite:c.o (125ms)
✔ [4468/6174] Built Mathlib.Topology.Compactness.SigmaCompact:c.o (178ms)
✔ [4469/6174] Built Mathlib.Topology.Irreducible:c.o (142ms)
✔ [4470/6174] Built Mathlib.Order.UpperLower.Basic:c.o (142ms)
✔ [4471/6174] Built Mathlib.Order.UpperLower.Principal:c.o (150ms)
✔ [4472/6174] Built Mathlib.Order.UpperLower.Closure:c.o (173ms)
✔ [4473/6174] Built Mathlib.Order.UpperLower.Fibration:c.o (124ms)
✔ [4474/6174] Built Mathlib.Topology.Maps.OpenQuotient:c.o (114ms)
✔ [4475/6174] Built Mathlib.Topology.Piecewise:c.o (148ms)
✔ [4476/6174] Built Mathlib.Order.UpperLower.CompleteLattice:c.o (229ms)
✔ [4477/6174] Built Mathlib.Topology.Separation.Basic:c.o (164ms)
✔ [4478/6174] Built Mathlib.Topology.Separation.Hausdorff:c.o (190ms)
✔ [4479/6174] Built Mathlib.Topology.Algebra.Support:c.o (151ms)
✔ [4480/6174] Built Mathlib.Data.ENNReal.Operations:c.o (162ms)
✔ [4481/6174] Built Mathlib.Data.ENNReal.Inv:c.o (138ms)
✔ [4482/6174] Built Mathlib.Topology.Inseparable:c.o (272ms)
✔ [4483/6174] Built Mathlib.Topology.UniformSpace.OfFun:c.o (182ms)
✔ [4484/6174] Built Mathlib.Topology.UniformSpace.Compact:c.o (120ms)
✔ [4485/6174] Built Mathlib.Data.Rel:c.o (292ms)
✔ [4486/6174] Built Batteries.Data.Fin.Lemmas:c.o (154ms)
✔ [4487/6174] Built Mathlib.Order.SuccPred.Relation:c.o (135ms)
✔ [4488/6174] Built Mathlib.Topology.Connected.Basic:c.o (135ms)
✔ [4489/6174] Built Mathlib.Topology.Defs.Filter:c.o (1.3s)
✔ [4490/6174] Built Mathlib.Topology.UniformSpace.Defs:c.o (387ms)
✔ [4491/6174] Built Mathlib.Topology.UniformSpace.Basic:c.o (382ms)
✔ [4492/6174] Built Mathlib.Topology.Connected.LocallyConnected:c.o (139ms)
✔ [4493/6174] Built Mathlib.Order.Filter.CountableInter:c.o (137ms)
✔ [4494/6174] Built Mathlib.Topology.Compactness.Lindelof:c.o (129ms)
✔ [4495/6174] Built Mathlib.Data.Set.Functor:c.o (152ms)
✔ [4496/6174] Built Mathlib.Tactic.DeriveFintype:c.o (3.3s)
✔ [4497/6174] Built Mathlib.Data.Fin.VecNotation:c.o (1.0s)
✔ [4498/6174] Built Mathlib.Topology.EMetricSpace.Defs:c.o (461ms)
✔ [4499/6174] Built Mathlib.Data.Set.Subset:c.o (139ms)
✔ [4500/6174] Built Mathlib.Data.Set.BoolIndicator:c.o (137ms)
✔ [4501/6174] Built Mathlib.Topology.Clopen:c.o (128ms)
✔ [4502/6174] Built Mathlib.Tactic.Monotonicity.Basic:c.o (535ms)
✔ [4503/6174] Built Mathlib.Logic.Equiv.Fin.Basic:c.o (514ms)
✔ [4504/6174] Built Mathlib.Topology.Connected.Clopen:c.o (163ms)
✔ [4505/6174] Built Mathlib.Topology.Separation.Regular:c.o (148ms)
✔ [4506/6174] Built Mathlib.Topology.DenseEmbedding:c.o (173ms)
✔ [4507/6174] Built Mathlib.Topology.Connected.TotallyDisconnected:c.o (138ms)
✔ [4508/6174] Built Mathlib.Topology.Algebra.Constructions:c.o (135ms)
✔ [4509/6174] Built Mathlib.Topology.UniformSpace.DiscreteUniformity:c.o (154ms)
✔ [4510/6174] Built Mathlib.Topology.UniformSpace.Cauchy:c.o (143ms)
✔ [4511/6174] Built Mathlib.Topology.UniformSpace.UniformConvergence:c.o (144ms)
✔ [4512/6174] Built Mathlib.Topology.UniformSpace.LocallyUniformConvergence:c.o (142ms)
✔ [4513/6174] Built Mathlib.Topology.Homeomorph.Lemmas:c.o (236ms)
✔ [4514/6174] Built Mathlib.Topology.UniformSpace.Separation:c.o (157ms)
✔ [4515/6174] Built Mathlib.Topology.EMetricSpace.Basic:c.o (159ms)
✔ [4516/6174] Built Mathlib.Topology.MetricSpace.Pseudo.Basic:c.o (122ms)
✔ [4517/6174] Built Mathlib.Topology.Bornology.Constructions:c.o (140ms)
✔ [4518/6174] Built Mathlib.Algebra.Ring.Pointwise.Set:c.o (130ms)
✔ [4519/6174] Built Mathlib.Order.Filter.AtTopBot.CompleteLattice:c.o (128ms)
✔ [4520/6174] Built Mathlib.Order.Filter.AtTopBot.Map:c.o (133ms)
✔ [4521/6174] Built Mathlib.Order.Filter.AtTopBot.Monoid:c.o (149ms)
✔ [4522/6174] Built Mathlib.Order.Filter.AtTopBot.Group:c.o (149ms)
✔ [4523/6174] Built Mathlib.Order.Filter.Interval:c.o (135ms)
✔ [4524/6174] Built Mathlib.Order.Interval.Set.Pi:c.o (147ms)
✔ [4525/6174] Built Mathlib.Order.OrdContinuous:c.o (161ms)
✔ [4526/6174] Built Mathlib.Topology.Order.LeftRight:c.o (122ms)
✔ [4527/6174] Built Mathlib.Topology.Order.OrderClosed:c.o (120ms)
✔ [4528/6174] Built Mathlib.Topology.UniformSpace.UniformEmbedding:c.o (362ms)
✔ [4529/6174] Built Mathlib.Topology.MetricSpace.Pseudo.Constructions:c.o (349ms)
✔ [4530/6174] Built Mathlib.Topology.Order.Basic:c.o (147ms)
✔ [4531/6174] Built Mathlib.Topology.Order.LeftRightNhds:c.o (152ms)
✔ [4532/6174] Built Mathlib.Topology.Order.IsLUB:c.o (121ms)
✔ [4533/6174] Built Mathlib.Topology.Order.DenselyOrdered:c.o (151ms)
✔ [4534/6174] Built Mathlib.Topology.MetricSpace.Pseudo.Lemmas:c.o (153ms)
✔ [4535/6174] Built Mathlib.Data.ENNReal.Lemmas:c.o (139ms)
✔ [4536/6174] Built Mathlib.Data.ENNReal.Real:c.o (1.0s)
✔ [4537/6174] Built Mathlib.Topology.UniformSpace.Pi:c.o (151ms)
✔ [4538/6174] Built Mathlib.Topology.EMetricSpace.Pi:c.o (168ms)
✔ [4539/6174] Built Mathlib.Topology.MetricSpace.Pseudo.Pi:c.o (175ms)
✔ [4540/6174] Built Mathlib.Order.Interval.Set.OrdConnectedComponent:c.o (131ms)
✔ [4541/6174] Built Mathlib.Topology.Order.T5:c.o (143ms)
✔ [4542/6174] Built Mathlib.Topology.Order.Real:c.o (146ms)
✔ [4543/6174] Built Mathlib.Topology.MetricSpace.Defs:c.o (287ms)
✔ [4544/6174] Built Mathlib.Analysis.Normed.Group.Submodule:c.o (198ms)
✔ [4545/6174] Built Mathlib.Algebra.Order.Group.Pointwise.Interval:c.o (169ms)
✔ [4546/6174] Built Mathlib.Order.Filter.AtTopBot.Ring:c.o (146ms)
✔ [4547/6174] Built Mathlib.Order.Filter.AtTopBot.Field:c.o (123ms)
✔ [4548/6174] Built Mathlib.Order.Filter.NAry:c.o (125ms)
✔ [4549/6174] Built Mathlib.Topology.MetricSpace.Basic:c.o (410ms)
✔ [4550/6174] Built Mathlib.Algebra.Group.Pointwise.Set.Lattice:c.o (127ms)
✔ [4551/6174] Built Mathlib.Topology.Algebra.ConstMulAction:c.o (166ms)
✔ [4552/6174] Built Mathlib.Topology.Algebra.MulAction:c.o (144ms)
✔ [4553/6174] Built Mathlib.Topology.Algebra.Monoid.Defs:c.o (132ms)
✔ [4554/6174] Built Mathlib.Algebra.Field.Subfield.Defs:c.o (336ms)
✔ [4555/6174] Built Mathlib.Algebra.AddTorsor.Defs:c.o (234ms)
✔ [4556/6174] Built Mathlib.Topology.Algebra.GroupWithZero:c.o (118ms)
✔ [4557/6174] Built Mathlib.Order.Filter.Pointwise:c.o (452ms)
✔ [4558/6174] Built Mathlib.Topology.Algebra.Monoid:c.o (317ms)
✔ [4559/6174] Built Mathlib.Algebra.Group.Subgroup.MulOpposite:c.o (167ms)
✔ [4560/6174] Built Mathlib.Algebra.Group.Subgroup.MulOppositeLemmas:c.o (171ms)
✔ [4561/6174] Built Mathlib.Data.Sigma.Lex:c.o (175ms)
✔ [4562/6174] Built Mathlib.Order.WellQuasiOrder:c.o (118ms)
✔ [4563/6174] Built Mathlib.Order.WellFoundedSet:c.o (141ms)
✔ [4564/6174] Built Mathlib.Tactic.CategoryTheory.Elementwise:c.o (6.8s)
✔ [4565/6174] Built Mathlib.Data.ENNReal.Basic:c.o (1.6s)
✔ [4566/6174] Built Mathlib.Algebra.Group.Submonoid.Pointwise:c.o (191ms)
✔ [4567/6174] Built Mathlib.Algebra.Group.Subgroup.ZPowers.Basic:c.o (157ms)
✔ [4568/6174] Built Mathlib.Data.Prod.Lex:c.o (405ms)
✔ [4569/6174] Built Mathlib.GroupTheory.Subgroup.Center:c.o (191ms)
✔ [4570/6174] Built Mathlib.GroupTheory.Subgroup.Centralizer:c.o (165ms)
✔ [4571/6174] Built Mathlib.Algebra.Group.Subgroup.Pointwise:c.o (179ms)
✔ [4572/6174] Built Mathlib.Algebra.Group.Submonoid.Units:c.o (220ms)
✔ [4573/6174] Built Mathlib.Topology.Algebra.Group.Defs:c.o (120ms)
✔ [4574/6174] Built Mathlib.Topology.Order.LocalExtr:c.o (123ms)
✔ [4575/6174] Built Mathlib.GroupTheory.GroupAction.ConjAct:c.o (294ms)
✔ [4576/6174] Built Mathlib.Topology.Algebra.Group.Basic:c.o (246ms)
✔ [4577/6174] Built Mathlib.Topology.Algebra.Ring.Basic:c.o (207ms)
✔ [4578/6174] Built Mathlib.Topology.Algebra.Field:c.o (208ms)
✔ [4579/6174] Built Mathlib.Topology.Algebra.Order.Group:c.o (139ms)
✔ [4580/6174] Built Mathlib.Topology.Algebra.Order.Field:c.o (161ms)
✔ [4581/6174] Built Mathlib.Topology.Algebra.IsUniformGroup.Defs:c.o (171ms)
✔ [4582/6174] Built Mathlib.Topology.Order.Bornology:c.o (143ms)
✔ [4583/6174] Built Mathlib.Tactic.CategoryTheory.Bicategory.PureCoherence:c.o (9.2s)
✔ [4584/6174] Built Mathlib.Analysis.Normed.Group.Constructions:c.o (917ms)
✔ [4585/6174] Built Mathlib.Data.Rat.Cast.Order:c.o (5.3s)
✔ [4586/6174] Built Mathlib.Topology.Algebra.Group.GroupTopology:c.o (425ms)
✔ [4587/6174] Built Mathlib.Topology.Order.Monotone:c.o (169ms)
✔ [4588/6174] Built Mathlib.Topology.Order.IntermediateValue:c.o (147ms)
✔ [4589/6174] Built Mathlib.Topology.Order.Compact:c.o (147ms)
✔ [4590/6174] Built Mathlib.Topology.MetricSpace.ProperSpace:c.o (137ms)
✔ [4591/6174] Built Mathlib.Topology.MetricSpace.Cauchy:c.o (136ms)
✔ [4592/6174] Built Mathlib.Topology.EMetricSpace.Diam:c.o (150ms)
✔ [4593/6174] Built Mathlib.Topology.Bornology.Real:c.o (126ms)
✔ [4594/6174] Built Mathlib.Data.Int.ConditionallyCompleteOrder:c.o (131ms)
✔ [4595/6174] Built Mathlib.Data.Fintype.Pigeonhole:c.o (130ms)
✔ [4596/6174] Built Mathlib.Topology.Instances.Discrete:c.o (141ms)
✔ [4597/6174] Built Mathlib.Order.Filter.AtTopBot.Archimedean:c.o (148ms)
✔ [4598/6174] Built Mathlib.Data.Int.Interval:c.o (225ms)
✔ [4599/6174] Built Mathlib.Order.SuccPred.LinearLocallyFinite:c.o (218ms)
✔ [4600/6174] Built Mathlib.Topology.Instances.Int:c.o (177ms)
✔ [4601/6174] Built Mathlib.Topology.Order.MonotoneContinuity:c.o (142ms)
✔ [4602/6174] Built Mathlib.Data.Set.UnionLift:c.o (124ms)
✔ [4603/6174] Built Mathlib.Tactic.Order.Graph.Tarjan:c.o (527ms)
✔ [4604/6174] Built Mathlib.Topology.UniformSpace.Real:c.o (178ms)
✔ [4605/6174] Built Mathlib.Topology.Algebra.Ring.Real:c.o (135ms)
✔ [4606/6174] Built Mathlib.Topology.Metrizable.Basic:c.o (120ms)
✔ [4607/6174] Built Mathlib.Topology.Defs.Sequences:c.o (142ms)
✔ [4608/6174] Built Mathlib.Topology.Metrizable.Uniformity:c.o (168ms)
✔ [4609/6174] Built Mathlib.Topology.Sequences:c.o (161ms)
✔ [4610/6174] Built Mathlib.Analysis.Normed.Group.Continuity:c.o (211ms)
✔ [4611/6174] Built Mathlib.Topology.UniformSpace.CompleteSeparated:c.o (119ms)
✔ [4612/6174] Built Mathlib.Topology.Coherent:c.o (133ms)
✔ [4613/6174] Built Mathlib.Topology.UniformSpace.UniformApproximation:c.o (121ms)
✔ [4614/6174] Built Mathlib.Topology.ContinuousMap.Basic:c.o (386ms)
✔ [4615/6174] Built Mathlib.Topology.UniformSpace.Equicontinuity:c.o (139ms)
✔ [4616/6174] Built Mathlib.Topology.UniformSpace.HeineCantor:c.o (137ms)
✔ [4617/6174] Built Mathlib.Topology.Algebra.IsUniformGroup.Constructions:c.o (128ms)
✔ [4618/6174] Built Mathlib.Algebra.Group.Subgroup.Actions:c.o (157ms)
✔ [4619/6174] Built Mathlib.Algebra.Group.Subgroup.ZPowers.Lemmas:c.o (145ms)
✔ [4620/6174] Built Mathlib.Data.List.Lemmas:c.o (153ms)
✔ [4621/6174] Built Mathlib.Data.Fintype.List:c.o (148ms)
✔ [4622/6174] Built Mathlib.Tactic.Order.Graph.Basic:c.o (885ms)
✔ [4623/6174] Built Mathlib.Topology.UniformSpace.Equiv:c.o (389ms)
✔ [4624/6174] Built Mathlib.Data.List.Permutation:c.o (182ms)
✔ [4625/6174] Built Mathlib.Dynamics.PeriodicPts.Defs:c.o (158ms)
✔ [4626/6174] Built Mathlib.Algebra.Group.Commutator:c.o (146ms)
✔ [4627/6174] Built Mathlib.GroupTheory.Congruence.Hom:c.o (258ms)
✔ [4628/6174] Built Mathlib.Algebra.Quotient:c.o (198ms)
✔ [4629/6174] Built Mathlib.GroupTheory.Commutator.Basic:c.o (133ms)
✔ [4630/6174] Built Mathlib.Data.Finite.Sigma:c.o (131ms)
✔ [4631/6174] Built Mathlib.Data.List.Cycle:c.o (438ms)
✔ [4632/6174] Built Mathlib.GroupTheory.Coset.Defs:c.o (339ms)
✔ [4633/6174] Built Mathlib.GroupTheory.QuotientGroup.Defs:c.o (330ms)
✔ [4634/6174] Built Mathlib.Topology.Algebra.Group.Pointwise:c.o (151ms)
✔ [4635/6174] Built Mathlib.Topology.Algebra.Group.Quotient:c.o (140ms)
✔ [4636/6174] Built Mathlib.Topology.UniformSpace.UniformConvergenceTopology:c.o (737ms)
✔ [4637/6174] Built Mathlib.GroupTheory.Coset.Basic:c.o (465ms)
✔ [4638/6174] Built Mathlib.GroupTheory.GroupAction.Basic:c.o (334ms)
✔ [4639/6174] Built Mathlib.GroupTheory.GroupAction.Quotient:c.o (322ms)
✔ [4640/6174] Built Mathlib.Topology.DiscreteSubset:c.o (129ms)
✔ [4641/6174] Built Mathlib.Topology.Algebra.IsUniformGroup.Basic:c.o (143ms)
✔ [4642/6174] Built Mathlib.Algebra.Module.LinearMap.DivisionRing:c.o (183ms)
✔ [4643/6174] Built Mathlib.Tactic.DeriveCountable:c.o (6.1s)
✔ [4644/6174] Built Mathlib.Topology.MetricSpace.Pseudo.Defs:c.o (2.6s)
✔ [4645/6174] Built Mathlib.GroupTheory.Congruence.Defs:c.o (675ms)
✔ [4646/6174] Built Mathlib.Algebra.Group.Fin.Tuple:c.o (140ms)
✔ [4647/6174] Built Mathlib.Algebra.Group.Graph:c.o (160ms)
✔ [4648/6174] Built Mathlib.Algebra.Module.Submodule.Invariant:c.o (145ms)
✔ [4649/6174] Built Mathlib.Topology.MetricSpace.Bounded:c.o (1.5s)
✔ [4650/6174] Built Mathlib.GroupTheory.QuotientGroup.Basic:c.o (427ms)
✔ [4651/6174] Built Mathlib.Algebra.Algebra.Prod:c.o (297ms)
✔ [4652/6174] Built Mathlib.Order.Sublattice:c.o (273ms)
✔ [4653/6174] Built Mathlib.LinearAlgebra.GeneralLinearGroup:c.o (204ms)
✔ [4654/6174] Built Mathlib.Algebra.GroupWithZero.Idempotent:c.o (157ms)
✔ [4655/6174] Built Mathlib.Algebra.Ring.Idempotent:c.o (135ms)
✔ [4656/6174] Built Mathlib.Algebra.Order.Module.Field:c.o (4.8s)
✔ [4657/6174] Built Mathlib.LinearAlgebra.Quotient.Defs:c.o (384ms)
✔ [4658/6174] Built Mathlib.LinearAlgebra.Quotient.Basic:c.o (326ms)
✔ [4659/6174] Built Mathlib.LinearAlgebra.Projection:c.o (164ms)
✔ [4660/6174] Built Mathlib.Data.Finsupp.Option:c.o (115ms)
✔ [4661/6174] Built Mathlib.LinearAlgebra.Pi:c.o (518ms)
✔ [4662/6174] Built Mathlib.LinearAlgebra.Finsupp.LinearCombination:c.o (178ms)
✔ [4663/6174] Built Mathlib.Topology.Algebra.Module.Basic:c.o (192ms)
✔ [4664/6174] Built Mathlib.Topology.UniformSpace.Completion:c.o (164ms)
✔ [4665/6174] Built Mathlib.Topology.Algebra.UniformMulAction:c.o (126ms)
✔ [4666/6174] Built Mathlib.Topology.EMetricSpace.Lipschitz:c.o (145ms)
✔ [4667/6174] Built Mathlib.Order.Interval.Set.ProjIcc:c.o (184ms)
✔ [4668/6174] Built Mathlib.Topology.Bornology.Hom:c.o (202ms)
✔ [4669/6174] Built Mathlib.Order.Interval.Set.Monotone:c.o (140ms)
✔ [4670/6174] Built Mathlib.Topology.Filter:c.o (135ms)
✔ [4671/6174] Built Mathlib.Topology.Maps.Proper.Basic:c.o (123ms)
✔ [4672/6174] Built Mathlib.Topology.MetricSpace.Lipschitz:c.o (139ms)
✔ [4673/6174] Built Mathlib.LinearAlgebra.Prod:c.o (707ms)
✔ [4674/6174] Built Mathlib.Topology.MetricSpace.Algebra:c.o (155ms)
✔ [4675/6174] Built Mathlib.Data.Fintype.Lattice:c.o (127ms)
✔ [4676/6174] Built Mathlib.Topology.MetricSpace.Antilipschitz:c.o (144ms)
✔ [4677/6174] Built Mathlib.Analysis.Normed.Group.Uniform:c.o (161ms)
✔ [4678/6174] Built Mathlib.Data.EReal.Basic:c.o (3.1s)
✔ [4679/6174] Built Mathlib.Topology.MetricSpace.IsometricSMul:c.o (210ms)
✔ [4680/6174] Built Mathlib.LinearAlgebra.Basis.Defs:c.o (194ms)
✔ [4681/6174] Built Mathlib.Data.DFinsupp.Ext:c.o (122ms)
✔ [4682/6174] Built Mathlib.Data.DFinsupp.Submonoid:c.o (148ms)
✔ [4683/6174] Built Mathlib.Tactic.FunProp.Core:c.o (21s)
✔ [4684/6174] Built Mathlib.Topology.UniformSpace.AbstractCompletion:c.o (535ms)
✔ [4685/6174] Built Mathlib.Topology.MetricSpace.Isometry:c.o (380ms)
✔ [4686/6174] Built Mathlib.Data.DFinsupp.BigOperators:c.o (251ms)
✔ [4687/6174] Built Mathlib.Data.DFinsupp.Module:c.o (222ms)
✔ [4688/6174] Built Mathlib.Data.List.Pi:c.o (179ms)
✔ [4689/6174] Built Mathlib.LinearAlgebra.Finsupp.SumProd:c.o (145ms)
✔ [4690/6174] Built Mathlib.Data.Fintype.Quotient:c.o (229ms)
✔ [4691/6174] Built Mathlib.Data.DFinsupp.Sigma:c.o (233ms)
✔ [4692/6174] Built Mathlib.Data.Finsupp.ToDFinsupp:c.o (216ms)
✔ [4693/6174] Built Mathlib.Data.Finset.Fin:c.o (206ms)
✔ [4694/6174] Built Mathlib.Order.Interval.Set.Fin:c.o (153ms)
✔ [4695/6174] Built Mathlib.Order.Interval.Finset.Fin:c.o (188ms)
✔ [4696/6174] Built Mathlib.Data.Fintype.Fin:c.o (141ms)
✔ [4697/6174] Built Mathlib.LinearAlgebra.LinearIndependent.Basic:c.o (140ms)
✔ [4698/6174] Built Mathlib.Algebra.Group.Fin.Basic:c.o (199ms)
✔ [4699/6174] Built Mathlib.Logic.Equiv.Fin.Rotate:c.o (163ms)
✔ [4700/6174] Built Mathlib.Topology.Algebra.ContinuousMonoidHom:c.o (945ms)
✔ [4701/6174] Built Mathlib.Algebra.BigOperators.Fin:c.o (366ms)
✔ [4702/6174] Built Mathlib.LinearAlgebra.LinearIndependent.Defs:c.o (354ms)
✔ [4703/6174] Built Mathlib.LinearAlgebra.LinearIndependent.Lemmas:c.o (156ms)
✔ [4704/6174] Built Mathlib.Tactic.LinearCombination.Lemmas:c.o (348ms)
✔ [4705/6174] Built Mathlib.Data.EReal.Operations:c.o (3.6s)
✔ [4706/6174] Built Mathlib.Topology.Algebra.Module.LinearMap:c.o (1.2s)
✔ [4707/6174] Built Mathlib.LinearAlgebra.DFinsupp:c.o (349ms)
✔ [4708/6174] Built Mathlib.Topology.Algebra.SeparationQuotient.Basic:c.o (1.3s)
✔ [4709/6174] Built Mathlib.Topology.Algebra.Module.LinearMapPiProd:c.o (405ms)
✔ [4710/6174] Built Mathlib.Tactic.CC.MkProof:c.o (13s)
✔ [4711/6174] Built Mathlib.Tactic.TautoSet:c.o (1.8s)
✔ [4712/6174] Built Mathlib.RingTheory.NonUnitalSubring.Basic:c.o (345ms)
✔ [4713/6174] Built Mathlib.GroupTheory.Congruence.Basic:c.o (282ms)
✔ [4714/6174] Built Mathlib.RingTheory.Congruence.Basic:c.o (248ms)
✔ [4715/6174] Built Mathlib.GroupTheory.Congruence.Opposite:c.o (154ms)
✔ [4716/6174] Built Mathlib.RingTheory.Congruence.Opposite:c.o (161ms)
✔ [4717/6174] Built Mathlib.Tactic.CategoryTheory.Monoidal.PureCoherence:c.o (10s)
✔ [4718/6174] Built Mathlib.Algebra.Algebra.NonUnitalSubalgebra:c.o (457ms)
✔ [4719/6174] Built Mathlib.RingTheory.SimpleRing.Defs:c.o (141ms)
✔ [4720/6174] Built Mathlib.RingTheory.TwoSidedIdeal.Kernel:c.o (142ms)
✔ [4721/6174] Built Mathlib.RingTheory.SimpleRing.Basic:c.o (154ms)
✔ [4722/6174] Built Mathlib.Tactic.DeriveEncodable:c.o (7.8s)
✔ [4723/6174] Built Mathlib.Tactic.NoncommRing:c.o (781ms)
✔ [4724/6174] Built Mathlib.RingTheory.Congruence.Defs:c.o (464ms)
✔ [4725/6174] Built Mathlib.RingTheory.TwoSidedIdeal.Basic:c.o (234ms)
✔ [4726/6174] Built Mathlib.RingTheory.TwoSidedIdeal.Lattice:c.o (235ms)
✔ [4727/6174] Built Mathlib.Data.ENNReal.Action:c.o (125ms)
✔ [4728/6174] Built Mathlib.Analysis.Normed.MulAction:c.o (124ms)
✔ [4729/6174] Built Mathlib.Tactic.ComputeDegree:c.o (7.0s)
✔ [4730/6174] Built Mathlib.Tactic.ProxyType:c.o (7.0s)
✔ [4731/6174] Built Mathlib.Algebra.Algebra.NonUnitalHom:c.o (688ms)
✔ [4732/6174] Built Mathlib.Analysis.Normed.Operator.ContinuousLinearMap:c.o (214ms)
✔ [4733/6174] Built Mathlib.Algebra.Module.Rat:c.o (117ms)
✔ [4734/6174] Built Mathlib.Analysis.Normed.Group.Int:c.o (148ms)
✔ [4735/6174] Built Mathlib.Algebra.Algebra.Opposite:c.o (311ms)
✔ [4736/6174] Built Mathlib.Algebra.Algebra.RestrictScalars:c.o (265ms)
✔ [4737/6174] Built Mathlib.Algebra.Group.Subgroup.Order:c.o (160ms)
✔ [4738/6174] Built Mathlib.GroupTheory.Archimedean:c.o (148ms)
✔ [4739/6174] Built Mathlib.Topology.Algebra.Order.Archimedean:c.o (135ms)
✔ [4740/6174] Built Mathlib.Topology.Instances.Nat:c.o (143ms)
✔ [4741/6174] Built Mathlib.Topology.Instances.Rat:c.o (152ms)
✔ [4742/6174] Built Mathlib.Analysis.Normed.Group.Rat:c.o (136ms)
✔ [4743/6174] Built Mathlib.Topology.Algebra.Module.Equiv:c.o (1.0s)
✔ [4744/6174] Built Mathlib.Algebra.Algebra.Pi:c.o (328ms)
✔ [4745/6174] Built Mathlib.Algebra.Order.GroupWithZero.Finset:c.o (161ms)
✔ [4746/6174] Built Mathlib.Analysis.Normed.Group.Bounded:c.o (135ms)
✔ [4747/6174] Built Mathlib.Analysis.Normed.Field.Lemmas:c.o (160ms)
✔ [4748/6174] Built Mathlib.Data.Finsupp.Fintype:c.o (121ms)
✔ [4749/6174] Built Mathlib.Tactic.Order.Preprocessing:c.o (3.7s)
✔ [4750/6174] Built Mathlib.Algebra.Algebra.Subalgebra.Basic:c.o (577ms)
✔ [4751/6174] Built Mathlib.Analysis.Normed.Group.Subgroup:c.o (545ms)
✔ [4752/6174] Built Mathlib.Topology.MetricSpace.Dilation:c.o (304ms)
✔ [4753/6174] Built Mathlib.LinearAlgebra.Basis.Basic:c.o (147ms)
✔ [4754/6174] Built Mathlib.Logic.Small.Basic:c.o (145ms)
✔ [4755/6174] Built Mathlib.LinearAlgebra.FreeModule.Basic:c.o (147ms)
✔ [4756/6174] Built Mathlib.LinearAlgebra.Basis.VectorSpace:c.o (143ms)
✔ [4757/6174] Built Mathlib.Analysis.Normed.Module.Span:c.o (154ms)
✔ [4758/6174] Built Mathlib.GroupTheory.GroupAction.Pointwise:c.o (128ms)
✔ [4759/6174] Built Mathlib.Topology.MetricSpace.DilationEquiv:c.o (347ms)
✔ [4760/6174] Built Mathlib.Algebra.Order.Module.Synonym:c.o (189ms)
✔ [4761/6174] Built Mathlib.Algebra.Ring.Action.Pointwise.Set:c.o (137ms)
✔ [4762/6174] Built Mathlib.Algebra.Module.LinearMap.Prod:c.o (125ms)
✔ [4763/6174] Built Mathlib.LinearAlgebra.AffineSpace.Defs:c.o (176ms)
✔ [4764/6174] Built Mathlib.Analysis.Normed.Operator.LinearIsometry:c.o (1.3s)
✔ [4765/6174] Built Mathlib.Algebra.AddTorsor.Basic:c.o (232ms)
✔ [4766/6174] Built Mathlib.LinearAlgebra.AffineSpace.Midpoint:c.o (175ms)
✔ [4767/6174] Built Mathlib.Algebra.Order.GroupWithZero.Submonoid:c.o (140ms)
✔ [4768/6174] Built Mathlib.Algebra.Ring.Subring.Units:c.o (150ms)
✔ [4769/6174] Built Mathlib.Analysis.Convex.Star:c.o (130ms)
✔ [4770/6174] Built Mathlib.Analysis.Normed.Ring.Lemmas:c.o (538ms)
✔ [4771/6174] Built Mathlib.Algebra.Order.Ring.Synonym:c.o (387ms)
✔ [4772/6174] Built Mathlib.LinearAlgebra.Ray:c.o (248ms)
✔ [4773/6174] Built Mathlib.Analysis.Convex.Segment:c.o (236ms)
✔ [4774/6174] Built Mathlib.Analysis.Convex.Basic:c.o (139ms)
✔ [4775/6174] Built Mathlib.Topology.Bornology.Absorbs:c.o (141ms)
✔ [4776/6174] Built Mathlib.LinearAlgebra.BilinearMap:c.o (504ms)
✔ [4777/6174] Built Mathlib.Analysis.Convex.Hull:c.o (176ms)
✔ [4778/6174] Built Mathlib.Analysis.LocallyConvex.Basic:c.o (174ms)
✔ [4779/6174] Built Mathlib.Analysis.LocallyConvex.BalancedCoreHull:c.o (200ms)
✔ [4780/6174] Built Mathlib.Algebra.Notation.Lemmas:c.o (176ms)
✔ [4781/6174] Built Mathlib.Algebra.Order.Pi:c.o (142ms)
✔ [4782/6174] Built Mathlib.Analysis.Convex.Function:c.o (123ms)
✔ [4783/6174] Built Mathlib.Logic.Encodable.Lattice:c.o (131ms)
✔ [4784/6174] Built Mathlib.Analysis.LocallyConvex.Bounded:c.o (160ms)
✔ [4785/6174] Built Mathlib.Order.Filter.AtTopBot.Finset:c.o (148ms)
✔ [4786/6174] Built Mathlib.Data.ENat.Pow:c.o (197ms)
✔ [4787/6174] Built Mathlib.Data.Nat.GCD.Basic:c.o (156ms)
✔ [4788/6174] Built Mathlib.Algebra.Order.BigOperators.Ring.Finset:c.o (7.4s)
✔ [4789/6174] Built Mathlib.LinearAlgebra.LinearPMap:c.o (805ms)
✔ [4790/6174] Built Mathlib.LinearAlgebra.AffineSpace.AffineSubspace.Defs:c.o (470ms)
✔ [4791/6174] Built Mathlib.Data.Countable.Small:c.o (128ms)
✔ [4792/6174] Built Mathlib.Logic.Small.Set:c.o (138ms)
✔ [4793/6174] Built Mathlib.Logic.UnivLE:c.o (138ms)
✔ [4794/6174] Built Mathlib.Analysis.Normed.Field.Basic:c.o (1.3s)
✔ [4795/6174] Built Mathlib.Analysis.Normed.Module.Basic:c.o (975ms)
✔ [4796/6174] Built Mathlib.LinearAlgebra.AffineSpace.AffineEquiv:c.o (722ms)
✔ [4797/6174] Built Mathlib.Analysis.Seminorm:c.o (407ms)
✔ [4798/6174] Built Mathlib.Data.Nat.ModEq:c.o (342ms)
✔ [4799/6174] Built Mathlib.Order.SuccPred.CompleteLinearOrder:c.o (136ms)
✔ [4800/6174] Built Mathlib.SetTheory.Cardinal.SchroederBernstein:c.o (109ms)
✔ [4801/6174] Built Mathlib.Data.ZMod.Defs:c.o (437ms)
✔ [4802/6174] Built Mathlib.Algebra.Order.Hom.MonoidWithZero:c.o (378ms)
✔ [4803/6174] Built Mathlib.Order.Hom.Lex:c.o (227ms)
✔ [4804/6174] Built Mathlib.SetTheory.Cardinal.Defs:c.o (269ms)
✔ [4805/6174] Built Mathlib.SetTheory.Cardinal.ENat:c.o (149ms)
✔ [4806/6174] Built Mathlib.SetTheory.Cardinal.ToNat:c.o (136ms)
✔ [4807/6174] Built Mathlib.SetTheory.Cardinal.Finite:c.o (123ms)
✔ [4808/6174] Built Mathlib.Algebra.Order.Hom.Ring:c.o (512ms)
✔ [4809/6174] Built Mathlib.Data.Sum.Order:c.o (428ms)
✔ [4810/6174] Built Mathlib.Order.Hom.Order:c.o (318ms)
✔ [4811/6174] Built Mathlib.SetTheory.Cardinal.Order:c.o (212ms)
✔ [4812/6174] Built Mathlib.SetTheory.Cardinal.Basic:c.o (236ms)
✔ [4813/6174] Built Mathlib.Algebra.BigOperators.Group.Finset.Indicator:c.o (149ms)
✔ [4814/6174] Built Mathlib.Topology.Algebra.InfiniteSum.SummationFilter:c.o (155ms)
✔ [4815/6174] Built Mathlib.LinearAlgebra.AffineSpace.AffineMap:c.o (1.0s)
✔ [4816/6174] Built Mathlib.Order.FixedPoints:c.o (384ms)
✔ [4817/6174] Built Mathlib.Order.Filter.IsBounded:c.o (295ms)
✔ [4818/6174] Built Mathlib.Order.Filter.AtTopBot.BigOperators:c.o (150ms)
✔ [4819/6174] Built Mathlib.Topology.Algebra.InfiniteSum.Basic:c.o (140ms)
✔ [4820/6174] Built Mathlib.Topology.Algebra.InfiniteSum.Group:c.o (139ms)
✔ [4821/6174] Built Mathlib.Topology.Algebra.InfiniteSum.NatInt:c.o (205ms)
✔ [4822/6174] Built Mathlib.Topology.Order.MonotoneConvergence:c.o (158ms)
✔ [4823/6174] Built Mathlib.Order.InitialSeg:c.o (545ms)
✔ [4824/6174] Built Mathlib.Order.LiminfLimsup:c.o (330ms)
✔ [4825/6174] Built Mathlib.Topology.Algebra.Star:c.o (173ms)
✔ [4826/6174] Built Mathlib.Topology.Algebra.InfiniteSum.Constructions:c.o (158ms)
✔ [4827/6174] Built Mathlib.Topology.Algebra.InfiniteSum.Ring:c.o (170ms)
✔ [4828/6174] Built Mathlib.Topology.Instances.NNReal.Lemmas:c.o (169ms)
✔ [4829/6174] Built Mathlib.Topology.Algebra.Equicontinuity:c.o (177ms)
✔ [4830/6174] Built Mathlib.Topology.MetricSpace.Equicontinuity:c.o (162ms)
✔ [4831/6174] Built Mathlib.Analysis.Convex.Strict:c.o (161ms)
✔ [4832/6174] Built Mathlib.Topology.Algebra.FilterBasis:c.o (215ms)
✔ [4833/6174] Built Mathlib.LinearAlgebra.AffineSpace.Centroid:c.o (160ms)
✔ [4834/6174] Built Mathlib.Data.Sign.Basic:c.o (156ms)
✔ [4835/6174] Built Mathlib.LinearAlgebra.AffineSpace.Independent:c.o (133ms)
✔ [4836/6174] Built Mathlib.LinearAlgebra.AffineSpace.AffineSubspace.Basic:c.o (316ms)
✔ [4837/6174] Built Mathlib.LinearAlgebra.AffineSpace.Combination:c.o (239ms)
✔ [4838/6174] Built Mathlib.LinearAlgebra.AffineSpace.Pointwise:c.o (189ms)
✔ [4839/6174] Built Mathlib.LinearAlgebra.Basis.SMul:c.o (188ms)
✔ [4840/6174] Built Mathlib.LinearAlgebra.AffineSpace.Basis:c.o (278ms)
✔ [4841/6174] Built Mathlib.Analysis.Convex.Combination:c.o (169ms)
✔ [4842/6174] Built Mathlib.LinearAlgebra.Finsupp.Pi:c.o (192ms)
✔ [4843/6174] Built Mathlib.Topology.Algebra.Monoid.FunOnFinite:c.o (136ms)
✔ [4844/6174] Built Mathlib.Topology.MetricSpace.ProperSpace.Real:c.o (145ms)
✔ [4845/6174] Built Mathlib.Algebra.Order.Hom.Monoid:c.o (998ms)
✔ [4846/6174] Built Mathlib.Topology.Algebra.UniformConvergence:c.o (416ms)
✔ [4847/6174] Built Mathlib.Data.Sign.Defs:c.o (380ms)
✔ [4848/6174] Built Mathlib.Data.Rat.Encodable:c.o (186ms)
✔ [4849/6174] Built Mathlib.Algebra.Ring.Regular:c.o (195ms)
✔ [4850/6174] Built Mathlib.Topology.Algebra.Group.AddTorsor:c.o (151ms)
✔ [4851/6174] Built Mathlib.Topology.Algebra.Affine:c.o (173ms)
✔ [4852/6174] Built Mathlib.Analysis.Convex.Topology:c.o (173ms)
✔ [4853/6174] Built Mathlib.Topology.Order.ProjIcc:c.o (162ms)
✔ [4854/6174] Built Mathlib.Tactic.CancelDenoms.Core:c.o (15s)
✔ [4855/6174] Built Mathlib.Analysis.Convex.StdSimplex:c.o (229ms)
✔ [4856/6174] Built Mathlib.Topology.Hom.ContinuousEvalConst:c.o (150ms)
✔ [4857/6174] Built Mathlib.Topology.Hom.ContinuousEval:c.o (175ms)
✔ [4858/6174] Built Mathlib.Topology.Connected.PathConnected:c.o (171ms)
✔ [4859/6174] Built Mathlib.Topology.NhdsKer:c.o (137ms)
✔ [4860/6174] Built Mathlib.Topology.Compactness.NhdsKer:c.o (124ms)
✔ [4861/6174] Built Mathlib.Tactic.DepRewrite:c.o (9.0s)
✔ [4862/6174] Built Mathlib.Algebra.Order.Interval.Set.Instances:c.o (393ms)
✔ [4863/6174] Built Mathlib.Topology.UnitInterval:c.o (389ms)
✔ [4864/6174] Built Mathlib.Topology.CompactOpen:c.o (225ms)
✔ [4865/6174] Built Mathlib.Topology.Path:c.o (304ms)
✔ [4866/6174] Built Mathlib.Topology.AlexandrovDiscrete:c.o (163ms)
✔ [4867/6174] Built Mathlib.Topology.Connected.LocPathConnected:c.o (142ms)
✔ [4868/6174] Built Mathlib.Analysis.Convex.PathConnected:c.o (187ms)
✔ [4869/6174] Built Mathlib.Topology.Algebra.Module.LocallyConvex:c.o (175ms)
✔ [4870/6174] Built Mathlib.Analysis.LocallyConvex.WithSeminorms:c.o (193ms)
✔ [4871/6174] Built Mathlib.Topology.Algebra.Module.UniformConvergence:c.o (142ms)
✔ [4872/6174] Built Mathlib.Algebra.Group.Shrink:c.o (131ms)
✔ [4873/6174] Built Mathlib.Topology.Algebra.InfiniteSum.Defs:c.o (987ms)
✔ [4874/6174] Built Mathlib.Algebra.Group.Action.TransferInstance:c.o (209ms)
✔ [4875/6174] Built Mathlib.Algebra.GroupWithZero.Action.TransferInstance:c.o (196ms)
✔ [4876/6174] Built Mathlib.Algebra.Module.TransferInstance:c.o (184ms)
✔ [4877/6174] Built Mathlib.Algebra.Module.Shrink:c.o (146ms)
✔ [4878/6174] Built Mathlib.Algebra.DirectSum.Finsupp:c.o (146ms)
✔ [4879/6174] Built Mathlib.Algebra.DirectSum.Module:c.o (268ms)
✔ [4880/6174] Built Mathlib.Algebra.Module.Submodule.Bilinear:c.o (175ms)
✔ [4881/6174] Built Mathlib.LinearAlgebra.DirectSum.Finsupp:c.o (143ms)
✔ [4882/6174] Built Mathlib.Algebra.FreeAbelianGroup.Finsupp:c.o (140ms)
✔ [4883/6174] Built Mathlib.LinearAlgebra.Finsupp.VectorSpace:c.o (134ms)
✔ [4884/6174] Built Mathlib.GroupTheory.Abelianization.Defs:c.o (257ms)
✔ [4885/6174] Built Mathlib.LinearAlgebra.TensorProduct.Basis:c.o (132ms)
✔ [4886/6174] Built Mathlib.Algebra.Module.Projective:c.o (158ms)
✔ [4887/6174] Built Mathlib.Topology.Algebra.SeparationQuotient.Section:c.o (123ms)
✔ [4888/6174] Built Mathlib.Analysis.Normed.Operator.Basic:c.o (135ms)
✔ [4889/6174] Built Mathlib.LinearAlgebra.DirectSum.TensorProduct:c.o (345ms)
✔ [4890/6174] Built Mathlib.Analysis.Normed.Operator.Bilinear:c.o (147ms)
✔ [4891/6174] Built Mathlib.Analysis.Normed.Module.RCLike.Real:c.o (137ms)
✔ [4892/6174] Built Mathlib.Analysis.Normed.Operator.NNNorm:c.o (149ms)
✔ [4893/6174] Built Mathlib.Analysis.Normed.Operator.NormedSpace:c.o (154ms)
✔ [4894/6174] Built Mathlib.Algebra.Group.TransferInstance:c.o (692ms)
✔ [4895/6174] Built Mathlib.Algebra.DirectSum.Basic:c.o (518ms)
✔ [4896/6174] Built Mathlib.LinearAlgebra.TensorProduct.Associator:c.o (495ms)
✔ [4897/6174] Built Mathlib.Logic.Equiv.Embedding:c.o (213ms)
✔ [4898/6174] Built Mathlib.Topology.Algebra.MetricSpace.Lipschitz:c.o (119ms)
✔ [4899/6174] Built Mathlib.Data.Fintype.Inv:c.o (167ms)
✔ [4900/6174] Built Mathlib.Logic.Equiv.Fintype:c.o (156ms)
✔ [4901/6174] Built Mathlib.Analysis.Normed.Group.Basic:c.o (6.7s)
✔ [4902/6174] Built Mathlib.Topology.Algebra.Module.StrongTopology:c.o (420ms)
✔ [4903/6174] Built Mathlib.Data.Fintype.CardEmbedding:c.o (283ms)
✔ [4904/6174] Built Mathlib.Topology.Algebra.Module.Multilinear.Bounded:c.o (150ms)
✔ [4905/6174] Built Mathlib.Analysis.NormedSpace.Multilinear.Basic:c.o (165ms)
✔ [4906/6174] Built Mathlib.Data.Fintype.Sort:c.o (154ms)
✔ [4907/6174] Built Mathlib.Topology.Algebra.Module.Multilinear.Topology:c.o (200ms)
✔ [4908/6174] Built Mathlib.Analysis.NormedSpace.Multilinear.Curry:c.o (137ms)
✔ [4909/6174] Built Mathlib.Algebra.Polynomial.Monomial:c.o (122ms)
✔ [4910/6174] Built Mathlib.Algebra.Polynomial.Degree.Monomial:c.o (115ms)
✔ [4911/6174] Built Mathlib.Algebra.Polynomial.EraseLead:c.o (120ms)
✔ [4912/6174] Built Mathlib.GroupTheory.FreeAbelianGroup:c.o (779ms)
✔ [4913/6174] Built Mathlib.LinearAlgebra.Multilinear.Curry:c.o (372ms)
✔ [4914/6174] Built Mathlib.Algebra.BigOperators.Module:c.o (248ms)
✔ [4915/6174] Built Mathlib.Algebra.Polynomial.Degree.TrailingDegree:c.o (197ms)
✔ [4916/6174] Built Mathlib.Algebra.Polynomial.Reverse:c.o (181ms)
✔ [4917/6174] Built Mathlib.Algebra.Polynomial.Monic:c.o (125ms)
✔ [4918/6174] Built Mathlib.Algebra.BigOperators.WithTop:c.o (122ms)
✔ [4919/6174] Built Mathlib.Data.ENNReal.BigOperators:c.o (125ms)
✔ [4920/6174] Built Mathlib.Analysis.Calculus.FormalMultilinearSeries:c.o (375ms)
✔ [4921/6174] Built Mathlib.Topology.Order.LiminfLimsup:c.o (166ms)
✔ [4922/6174] Built Mathlib.Topology.MetricSpace.Pseudo.Real:c.o (139ms)
✔ [4923/6174] Built Mathlib.Analysis.Normed.Group.InfiniteSum:c.o (140ms)
✔ [4924/6174] Built Mathlib.LinearAlgebra.TensorProduct.Tower:c.o (997ms)
✔ [4925/6174] Built Mathlib.GroupTheory.FreeGroup.Basic:c.o (906ms)
✔ [4926/6174] Built Mathlib.Analysis.Asymptotics.Defs:c.o (323ms)
✔ [4927/6174] Built Mathlib.Topology.Instances.ENNReal.Lemmas:c.o (185ms)
✔ [4928/6174] Built Mathlib.Topology.Compactness.Bases:c.o (138ms)
✔ [4929/6174] Built Mathlib.Analysis.Asymptotics.Lemmas:c.o (138ms)
✔ [4930/6174] Built Mathlib.Topology.Algebra.InfiniteSum.Real:c.o (127ms)
✔ [4931/6174] Built Mathlib.Analysis.Normed.Ring.InfiniteSum:c.o (139ms)
✔ [4932/6174] Built Mathlib.Tactic.Order:c.o (6.4s)
✔ [4933/6174] Built Mathlib.Topology.Sets.Opens:c.o (272ms)
✔ [4934/6174] Built Mathlib.Topology.OpenPartialHomeomorph:c.o (273ms)
✔ [4935/6174] Built Mathlib.Topology.Order.Lattice:c.o (140ms)
✔ [4936/6174] Built Mathlib.Analysis.Normed.Order.Lattice:c.o (145ms)
✔ [4937/6174] Built Mathlib.Algebra.Ring.GeomSum:c.o (120ms)
✔ [4938/6174] Built Mathlib.Algebra.Field.GeomSum:c.o (144ms)
✔ [4939/6174] Built Mathlib.Data.Nat.Factorial.BigOperators:c.o (144ms)
✔ [4940/6174] Built Mathlib.Algebra.Group.Pointwise.Set.BigOperators:c.o (125ms)
✔ [4941/6174] Built Mathlib.Data.Fin.Tuple.Reflection:c.o (4.3s)
✔ [4942/6174] Built Mathlib.Tactic.Ring.Compare:c.o (4.2s)
✔ [4943/6174] Built Mathlib.Data.Real.Sqrt:c.o (1.9s)
✔ [4944/6174] Built Mathlib.LinearAlgebra.TensorProduct.Basic:c.o (1.3s)
✔ [4945/6174] Built Mathlib.Algebra.GroupWithZero.Submonoid.Pointwise:c.o (214ms)
✔ [4946/6174] Built Mathlib.Algebra.GroupWithZero.Subgroup:c.o (167ms)
✔ [4947/6174] Built Mathlib.Algebra.Order.Group.Action:c.o (150ms)
✔ [4948/6174] Built Mathlib.Algebra.Regular.Opposite:c.o (138ms)
✔ [4949/6174] Built Mathlib.Topology.Algebra.Module.Multilinear.Basic:c.o (931ms)
✔ [4950/6174] Built Mathlib.Algebra.Algebra.Bilinear:c.o (279ms)
✔ [4951/6174] Built Mathlib.Algebra.Module.Submodule.Pointwise:c.o (236ms)
✔ [4952/6174] Built Mathlib.Algebra.Ring.NonZeroDivisors:c.o (176ms)
✔ [4953/6174] Built Mathlib.Algebra.Ring.Submonoid.Pointwise:c.o (198ms)
✔ [4954/6174] Built Mathlib.Data.Set.Semiring:c.o (210ms)
✔ [4955/6174] Built Mathlib.GroupTheory.GroupAction.SubMulAction.Pointwise:c.o (233ms)
✔ [4956/6174] Built Mathlib.Data.Nat.Cast.Order.Field:c.o (169ms)
✔ [4957/6174] Built Mathlib.Topology.Instances.EReal.Lemmas:c.o (144ms)
✔ [4958/6174] Built Mathlib.Tactic.SuppressCompilation:c.o (1.5s)
✔ [4959/6174] Built Mathlib.LinearAlgebra.Multilinear.Basic:c.o (1.0s)
✔ [4960/6174] Built Mathlib.Order.Copy:c.o (546ms)
✔ [4961/6174] Built Mathlib.Algebra.Algebra.Subalgebra.Lattice:c.o (230ms)
✔ [4962/6174] Built Mathlib.Topology.Semicontinuous:c.o (159ms)
✔ [4963/6174] Built Mathlib.Analysis.SpecificLimits.Basic:c.o (154ms)
✔ [4964/6174] Built Mathlib.Data.Nat.Choose.Bounds:c.o (156ms)
✔ [4965/6174] Built Mathlib.Order.Filter.AtTopBot.ModEq:c.o (132ms)
✔ [4966/6174] Built Mathlib.Algebra.Polynomial.Eval.Algebra:c.o (142ms)
✔ [4967/6174] Built Mathlib.Analysis.Normed.Ring.Basic:c.o (3.8s)
✔ [4968/6174] Built Mathlib.Algebra.Algebra.Operations:c.o (429ms)
✔ [4969/6174] Built Mathlib.RingTheory.Polynomial.Pochhammer:c.o (173ms)
✔ [4970/6174] Built Mathlib.Analysis.SpecificLimits.Normed:c.o (254ms)
✔ [4971/6174] Built Mathlib.Analysis.Analytic.ConvergenceRadius:c.o (208ms)
✔ [4972/6174] Built Mathlib.Topology.Algebra.InfiniteSum.Module:c.o (136ms)
✔ [4973/6174] Built Mathlib.Analysis.Analytic.Basic:c.o (183ms)
✔ [4974/6174] Built Mathlib.Analysis.Analytic.ChangeOrigin:c.o (206ms)
✔ [4975/6174] Built Mathlib.Analysis.Analytic.CPolynomialDef:c.o (194ms)
✔ [4976/6174] Built Mathlib.RingTheory.Ideal.Defs:c.o (181ms)
✔ [4977/6174] Built Mathlib.Algebra.Order.Kleene:c.o (522ms)
✔ [4978/6174] Built Mathlib.Analysis.Analytic.Linear:c.o (237ms)
✔ [4979/6174] Built Mathlib.Analysis.Normed.Operator.Mul:c.o (237ms)
✔ [4980/6174] Built Mathlib.Topology.Algebra.Ring.Ideal:c.o (251ms)
✔ [4981/6174] Built Mathlib.RingTheory.Ideal.Lattice:c.o (251ms)
✔ [4982/6174] Built Mathlib.RingTheory.Ideal.Prime:c.o (255ms)
✔ [4983/6174] Built Mathlib.RingTheory.Ideal.Span:c.o (203ms)
✔ [4984/6174] Built Mathlib.RingTheory.Ideal.Maximal:c.o (165ms)
✔ [4985/6174] Built Mathlib.RingTheory.Ideal.Nonunits:c.o (152ms)
✔ [4986/6174] Built Mathlib.Tactic.TermCongr:c.o (27s)
✔ [4987/6174] Built Mathlib.Topology.Algebra.Algebra:c.o (496ms)
✔ [4988/6174] Built Mathlib.RingTheory.Ideal.Quotient.Defs:c.o (326ms)
✔ [4989/6174] Built Mathlib.Analysis.Normed.Ring.Units:c.o (154ms)
✔ [4990/6174] Built Mathlib.Analysis.Analytic.OfScalars:c.o (144ms)
✔ [4991/6174] Built Mathlib.Analysis.Analytic.Constructions:c.o (179ms)
✔ [4992/6174] Built Mathlib.Analysis.Analytic.Within:c.o (215ms)
✔ [4993/6174] Built Mathlib.Analysis.Analytic.CPolynomial:c.o (166ms)
✔ [4994/6174] Built Mathlib.Tactic.Positivity:c.o (166ms)
✔ [4995/6174] Built Mathlib.Analysis.Convex.EGauge:c.o (157ms)
✔ [4996/6174] Built Mathlib.Analysis.Analytic.Composition:c.o (469ms)
✔ [4997/6174] Built Mathlib.Analysis.Analytic.Inverse:c.o (203ms)
✔ [4998/6174] Built Mathlib.Analysis.Calculus.FDeriv.Defs:c.o (145ms)
✔ [4999/6174] Built Mathlib.Analysis.Calculus.TangentCone:c.o (134ms)
✔ [5000/6174] Built Mathlib.Analysis.Normed.Operator.Asymptotics:c.o (216ms)
✔ [5001/6174] Built Mathlib.Analysis.Calculus.FDeriv.Basic:c.o (214ms)
✔ [5002/6174] Built Mathlib.Analysis.Calculus.FDeriv.Congr:c.o (182ms)
✔ [5003/6174] Built Mathlib.Analysis.Calculus.FDeriv.Const:c.o (181ms)
✔ [5004/6174] Built Mathlib.Analysis.Calculus.Deriv.Basic:c.o (213ms)
✔ [5005/6174] Built Mathlib.Analysis.Calculus.FDeriv.Linear:c.o (190ms)
✔ [5006/6174] Built Mathlib.Analysis.Calculus.FDeriv.Comp:c.o (156ms)
✔ [5007/6174] Built Mathlib.Analysis.Calculus.FDeriv.Add:c.o (165ms)
✔ [5008/6174] Built Mathlib.Analysis.Asymptotics.TVS:c.o (321ms)
✔ [5009/6174] Built Mathlib.Analysis.Normed.Operator.BoundedLinearMaps:c.o (239ms)
✔ [5010/6174] Built Mathlib.Analysis.Asymptotics.Theta:c.o (257ms)
✔ [5011/6174] Built Mathlib.Analysis.Calculus.FDeriv.Equiv:c.o (211ms)
✔ [5012/6174] Built Mathlib.Data.ENat.Lattice:c.o (164ms)
✔ [5013/6174] Built Mathlib.Analysis.Calculus.FDeriv.Prod:c.o (187ms)
✔ [5014/6174] Built Mathlib.Topology.Algebra.GroupCompletion:c.o (173ms)
✔ [5015/6174] Built Mathlib.Topology.MetricSpace.Completion:c.o (197ms)
✔ [5016/6174] Built Mathlib.Analysis.Normed.Group.Completion:c.o (170ms)
✔ [5017/6174] Built Mathlib.Combinatorics.Enumerative.Composition:c.o (652ms)
✔ [5018/6174] Built Mathlib.Algebra.Ring.Hom.InjSurj:c.o (162ms)
✔ [5019/6174] Built Mathlib.Topology.Algebra.UniformField:c.o (206ms)
✔ [5020/6174] Built Mathlib.Data.Finite.Card:c.o (142ms)
✔ [5021/6174] Built Mathlib.Analysis.Asymptotics.AsymptoticEquivalent:c.o (416ms)
✔ [5022/6174] Built Mathlib.Analysis.Normed.Module.Completion:c.o (238ms)
✔ [5023/6174] Built Mathlib.Analysis.Calculus.FDeriv.Analytic:c.o (261ms)
✔ [5024/6174] Built Mathlib.Analysis.Calculus.ContDiff.Defs:c.o (251ms)
✔ [5025/6174] Built Mathlib.Analysis.Calculus.FDeriv.Bilinear:c.o (204ms)
✔ [5026/6174] Built Mathlib.Data.Int.Order.Units:c.o (228ms)
✔ [5027/6174] Built Mathlib.Analysis.Calculus.ContDiff.FTaylorSeries:c.o (498ms)
✔ [5028/6174] Built Mathlib.Data.Fintype.Perm:c.o (309ms)
✔ [5029/6174] Built Mathlib.GroupTheory.Perm.Support:c.o (243ms)
✔ [5030/6174] Built Mathlib.LinearAlgebra.Multilinear.Basis:c.o (220ms)
✔ [5031/6174] Built Mathlib.Analysis.Calculus.FDeriv.CompCLM:c.o (190ms)
✔ [5032/6174] Built Mathlib.Analysis.Calculus.ContDiff.Basic:c.o (148ms)
✔ [5033/6174] Built Mathlib.Analysis.Calculus.FDeriv.RestrictScalars:c.o (162ms)
✔ [5034/6174] Built Mathlib.Analysis.Calculus.Deriv.Comp:c.o (185ms)
✔ [5035/6174] Built Mathlib.GroupTheory.Perm.Sign:c.o (430ms)
✔ [5036/6174] Built Mathlib.Topology.Algebra.Module.Alternating.Topology:c.o (300ms)
✔ [5037/6174] Built Mathlib.Analysis.Calculus.Deriv.Inverse:c.o (178ms)
✔ [5038/6174] Built Mathlib.Analysis.Calculus.ContDiff.Operations:c.o (235ms)
✔ [5039/6174] Built Mathlib.Analysis.Calculus.FDeriv.Mul:c.o (156ms)
✔ [5040/6174] Built Mathlib.Analysis.Calculus.Deriv.Mul:c.o (188ms)
✔ [5041/6174] Built Mathlib.Analysis.Calculus.Deriv.Add:c.o (157ms)
✔ [5042/6174] Built Mathlib.Analysis.Calculus.Deriv.CompMul:c.o (174ms)
✔ [5043/6174] Built Mathlib.Analysis.Calculus.Deriv.Shift:c.o (132ms)
✔ [5044/6174] Built Mathlib.Analysis.Calculus.Deriv.Linear:c.o (156ms)
✔ [5045/6174] Built Mathlib.Topology.Algebra.UniformRing:c.o (577ms)
✔ [5046/6174] Built Mathlib.Analysis.Calculus.ContDiff.FaaDiBruno:c.o (567ms)
✔ [5047/6174] Built Mathlib.Analysis.Calculus.IteratedDeriv.Defs:c.o (180ms)
✔ [5048/6174] Built Mathlib.Analysis.Calculus.IteratedDeriv.Lemmas:c.o (166ms)
✔ [5049/6174] Built Mathlib.Analysis.Calculus.Deriv.AffineMap:c.o (142ms)
✔ [5050/6174] Built Mathlib.LinearAlgebra.AffineSpace.Slope:c.o (201ms)
✔ [5051/6174] Built Mathlib.Topology.Perfect:c.o (141ms)
✔ [5052/6174] Built Mathlib.Topology.Algebra.Module.PerfectSpace:c.o (200ms)
✔ [5053/6174] Built Mathlib.Analysis.Calculus.Deriv.Slope:c.o (161ms)
✔ [5054/6174] Built Mathlib.Topology.MetricSpace.HausdorffDistance:c.o (129ms)
✔ [5055/6174] Built Mathlib.Topology.MetricSpace.Thickening:c.o (167ms)
✔ [5056/6174] Built Mathlib.Tactic.CategoryTheory.Coherence.PureCoherence:c.o (17s)
✔ [5057/6174] Built Mathlib.Analysis.NormedSpace.Alternating.Basic:c.o (566ms)
✔ [5058/6174] Built Mathlib.Analysis.Normed.Group.AddTorsor:c.o (222ms)
✔ [5059/6174] Built Mathlib.Analysis.Convex.Jensen:c.o (139ms)
✔ [5060/6174] Built Mathlib.Analysis.Normed.Group.Pointwise:c.o (178ms)
✔ [5061/6174] Built Mathlib.Analysis.Normed.Module.Convex:c.o (186ms)
✔ [5062/6174] Built Mathlib.Algebra.Algebra.Field:c.o (153ms)
✔ [5063/6174] Built Mathlib.Algebra.BigOperators.Balance:c.o (183ms)
✔ [5064/6174] Built Mathlib.Algebra.Order.Module.Basic:c.o (162ms)
✔ [5065/6174] Built Mathlib.Data.NNRat.Lemmas:c.o (184ms)
✔ [5066/6174] Built Mathlib.Algebra.Order.Module.Rat:c.o (184ms)
✔ [5067/6174] Built Mathlib.Algebra.Order.Group.Opposite:c.o (137ms)
✔ [5068/6174] Built Mathlib.Algebra.Star.Rat:c.o (196ms)
✔ [5069/6174] Built Mathlib.Algebra.Star.StarProjection:c.o (146ms)
✔ [5070/6174] Built Mathlib.Algebra.Order.Star.Basic:c.o (169ms)
✔ [5071/6174] Built Mathlib.Tactic.DeriveTraversable:c.o (12s)
✔ [5072/6174] Built Mathlib.Data.EReal.Inv:c.o (1.5s)
✔ [5073/6174] Built Mathlib.LinearAlgebra.Alternating.Basic:c.o (799ms)
✔ [5074/6174] Built Mathlib.Algebra.Star.Pi:c.o (193ms)
✔ [5075/6174] Built Mathlib.Algebra.Star.Pointwise:c.o (219ms)
✔ [5076/6174] Built Mathlib.Algebra.Star.Center:c.o (161ms)
✔ [5077/6174] Built Mathlib.Algebra.Star.Prod:c.o (232ms)
✔ [5078/6174] Built Mathlib.RingTheory.Coprime.Basic:c.o (209ms)
✔ [5079/6174] Built Mathlib.RingTheory.Coprime.Lemmas:c.o (151ms)
✔ [5080/6174] Built Mathlib.Logic.Equiv.PartialEquiv:c.o (2.1s)
✔ [5081/6174] Built Mathlib.Topology.Algebra.Module.Alternating.Basic:c.o (872ms)
✔ [5082/6174] Built Mathlib.Algebra.Field.Opposite:c.o (418ms)
✔ [5083/6174] Built Mathlib.Algebra.Star.Module:c.o (289ms)
✔ [5084/6174] Built Mathlib.Algebra.Field.IsField:c.o (137ms)
✔ [5085/6174] Built Mathlib.RingTheory.Ideal.Basic:c.o (184ms)
✔ [5086/6174] Built Mathlib.RingTheory.Nilpotent.Defs:c.o (166ms)
✔ [5087/6174] Built Mathlib.Algebra.Star.SelfAdjoint:c.o (523ms)
✔ [5088/6174] Built Mathlib.Analysis.Normed.Group.Hom:c.o (476ms)
✔ [5089/6174] Built Mathlib.Algebra.Module.LinearMap.Star:c.o (404ms)
✔ [5090/6174] Built Mathlib.RingTheory.Ideal.Operations:c.o (260ms)
✔ [5091/6174] Built Mathlib.RingTheory.Ideal.Maps:c.o (245ms)
✔ [5092/6174] Built Mathlib.Data.Real.Star:c.o (142ms)
✔ [5093/6174] Built Mathlib.Algebra.Group.Submonoid.Finite:c.o (129ms)
✔ [5094/6174] Built Mathlib.Data.Nat.Prime.Basic:c.o (145ms)
✔ [5095/6174] Built Mathlib.Dynamics.PeriodicPts.Lemmas:c.o (120ms)
✔ [5096/6174] Built Mathlib.Algebra.Star.StarRingHom:c.o (547ms)
✔ [5097/6174] Built Mathlib.Algebra.Star.Subalgebra:c.o (508ms)
✔ [5098/6174] Built Mathlib.Algebra.Star.Unitary:c.o (300ms)
✔ [5099/6174] Built Mathlib.Analysis.CStarAlgebra.Basic:c.o (264ms)
✔ [5100/6174] Built Mathlib.Algebra.Group.Subgroup.Finite:c.o (251ms)
✔ [5101/6174] Built Mathlib.Data.Int.ModEq:c.o (294ms)
✔ [5102/6174] Built Mathlib.GroupTheory.Coset.Card:c.o (171ms)
✔ [5103/6174] Built Mathlib.GroupTheory.Index:c.o (146ms)
✔ [5104/6174] Built Mathlib.Data.Nat.Prime.Pow:c.o (135ms)
✔ [5105/6174] Built Mathlib.Data.List.Prime:c.o (156ms)
✔ [5106/6174] Built Mathlib.Tactic.LinearCombination:c.o (6.1s)
✔ [5107/6174] Built Mathlib.Tactic.Peel:c.o (3.5s)
✔ [5108/6174] Built Mathlib.Algebra.Star.NonUnitalSubalgebra:c.o (583ms)
✔ [5109/6174] Built Mathlib.Topology.Algebra.Module.Star:c.o (443ms)
✔ [5110/6174] Built Mathlib.Data.Nat.Log:c.o (244ms)
✔ [5111/6174] Built Mathlib.Algebra.IsPrimePow:c.o (210ms)
✔ [5112/6174] Built Mathlib.Data.Nat.Factors:c.o (198ms)
✔ [5113/6174] Built Mathlib.Data.Nat.Prime.Infinite:c.o (162ms)
✔ [5114/6174] Built Mathlib.Order.Interval.Set.Infinite:c.o (150ms)
✔ [5115/6174] Built Mathlib.GroupTheory.OrderOfElement:c.o (189ms)
✔ [5116/6174] Built Mathlib.Analysis.Normed.Ring.Finite:c.o (167ms)
✔ [5117/6174] Built Mathlib.Algebra.Star.MonoidHom:c.o (490ms)
✔ [5118/6174] Built Mathlib.Data.Set.Card:c.o (429ms)
✔ [5119/6174] Built Mathlib.Data.Nat.PrimeFin:c.o (254ms)
✔ [5120/6174] Built Mathlib.Algebra.Group.TypeTags.Finite:c.o (181ms)
✔ [5121/6174] Built Mathlib.Topology.Instances.RealVectorSpace:c.o (223ms)
✔ [5122/6174] Built Mathlib.Analysis.Calculus.MeanValue:c.o (179ms)
✔ [5123/6174] Built Mathlib.Analysis.Calculus.ContDiff.RCLike:c.o (147ms)
✔ [5124/6174] Built Mathlib.Analysis.Complex.Norm:c.o (148ms)
✔ [5125/6174] Built Mathlib.Data.Complex.BigOperators:c.o (150ms)
✔ [5126/6174] Built Mathlib.Topology.Algebra.InfiniteSum.Order:c.o (4.2s)
✔ [5127/6174] Built Mathlib.Algebra.Group.AddChar:c.o (399ms)
✔ [5128/6174] Built Mathlib.Topology.Sets.Closeds:c.o (282ms)
✔ [5129/6174] Built Mathlib.Topology.LocallyConstant.Basic:c.o (307ms)
✔ [5130/6174] Built Mathlib.Algebra.CharP.Invertible:c.o (238ms)
✔ [5131/6174] Built Mathlib.Algebra.Algebra.Subalgebra.Tower:c.o (249ms)
✔ [5132/6174] Built Mathlib.Data.Finite.Sum:c.o (161ms)
✔ [5133/6174] Built Mathlib.Algebra.BigOperators.RingEquiv:c.o (205ms)
✔ [5134/6174] Built Mathlib.Tactic.Positivity.Core:c.o (23s)
✔ [5135/6174] Built Mathlib.Data.Matrix.Composition:c.o (216ms)
✔ [5136/6174] Built Mathlib.Algebra.Star.BigOperators:c.o (175ms)
✔ [5137/6174] Built Mathlib.LinearAlgebra.Basis.Fin:c.o (214ms)
✔ [5138/6174] Built Mathlib.LinearAlgebra.Basis.Prod:c.o (203ms)
✔ [5139/6174] Built Mathlib.Algebra.Algebra.Spectrum.Basic:c.o (841ms)
✔ [5140/6174] Built Mathlib.NumberTheory.Divisors:c.o (609ms)
✔ [5141/6174] Built Mathlib.Analysis.RCLike.Basic:c.o (524ms)
✔ [5142/6174] Built Mathlib.Data.Matrix.Diagonal:c.o (380ms)
✔ [5143/6174] Built Mathlib.Data.Matrix.Basis:c.o (323ms)
✔ [5144/6174] Built Mathlib.LinearAlgebra.Matrix.ConjTranspose:c.o (312ms)
✔ [5145/6174] Built Mathlib.LinearAlgebra.Matrix.RowCol:c.o (206ms)
✔ [5146/6174] Built Mathlib.LinearAlgebra.StdBasis:c.o (229ms)
✔ [5147/6174] Built Mathlib.LinearAlgebra.Matrix.StdBasis:c.o (150ms)
✔ [5148/6174] Built Mathlib.RingTheory.AlgebraTower:c.o (232ms)
✔ [5149/6174] Built Mathlib.Analysis.Complex.RealDeriv:c.o (161ms)
✔ [5150/6174] Built Mathlib.Analysis.Complex.Asymptotics:c.o (137ms)
✔ [5151/6174] Built Mathlib.Algebra.Order.CauSeq.BigOperators:c.o (120ms)
✔ [5152/6174] Built Mathlib.Tactic.NormNum.Basic:c.o (22s)
✔ [5153/6174] Built Mathlib.Analysis.SpecialFunctions.Exp:c.o (147ms)
✔ [5154/6174] Built Mathlib.Algebra.Ring.Action.ConjAct:c.o (166ms)
✔ [5155/6174] Built Mathlib.Data.Nat.Factorial.Cast:c.o (143ms)
✔ [5156/6174] Built Mathlib.Analysis.SpecificLimits.RCLike:c.o (143ms)
✔ [5157/6174] Built Mathlib.Algebra.Star.StarAlgHom:c.o (1.2s)
✔ [5158/6174] Built Mathlib.Data.Complex.Basic:c.o (687ms)
✔ [5159/6174] Built Mathlib.LinearAlgebra.Matrix.Defs:c.o (608ms)
✔ [5160/6174] Built Mathlib.Data.Matrix.Basic:c.o (635ms)
✔ [5161/6174] Built Mathlib.Data.Matrix.Block:c.o (474ms)
✔ [5162/6174] Built Mathlib.LinearAlgebra.Matrix.ToLin:c.o (412ms)
✔ [5163/6174] Built Mathlib.Data.Nat.Choose.Cast:c.o (188ms)
✔ [5164/6174] Built Mathlib.Analysis.Normed.Algebra.Exponential:c.o (198ms)
✔ [5165/6174] Built Mathlib.Topology.MetricSpace.CauSeqFilter:c.o (173ms)
✔ [5166/6174] Built Mathlib.Analysis.SpecialFunctions.Exponential:c.o (186ms)
✔ [5167/6174] Built Mathlib.Analysis.SpecialFunctions.ExpDeriv:c.o (175ms)
✔ [5168/6174] Built Mathlib.Analysis.Calculus.FDeriv.Pow:c.o (163ms)
✔ [5169/6174] Built Mathlib.Analysis.Calculus.Deriv.Pow:c.o (204ms)
✔ [5170/6174] Built Mathlib.Analysis.Calculus.Deriv.Inv:c.o (193ms)
✔ [5171/6174] Built Mathlib.Analysis.Calculus.Deriv.ZPow:c.o (191ms)
✔ [5172/6174] Built Mathlib.Analysis.Calculus.LogDeriv:c.o (170ms)
✔ [5173/6174] Built Mathlib.Algebra.Order.Group.Finset:c.o (148ms)
✔ [5174/6174] Built Mathlib.Analysis.SpecialFunctions.Log.Deriv:c.o (118ms)
✔ [5175/6174] Built Mathlib.Analysis.Calculus.FDeriv.Pi:c.o (118ms)
✔ [5176/6174] Built Mathlib.Data.Matrix.Mul:c.o (761ms)
✔ [5177/6174] Built Mathlib.LinearAlgebra.Complex.Module:c.o (498ms)
✔ [5178/6174] Built Mathlib.Analysis.Complex.Basic:c.o (519ms)
✔ [5179/6174] Built Mathlib.Order.Preorder.Finsupp:c.o (225ms)
✔ [5180/6174] Built Mathlib.Data.Finsupp.Multiset:c.o (237ms)
✔ [5181/6174] Built Mathlib.Data.Finsupp.Order:c.o (237ms)
✔ [5182/6174] Built Mathlib.RingTheory.Multiplicity:c.o (239ms)
✔ [5183/6174] Built Mathlib.NumberTheory.Padics.PadicVal.Defs:c.o (216ms)
✔ [5184/6174] Built Mathlib.Tactic.FunProp.Differentiable:c.o (182ms)
✔ [5185/6174] Built Mathlib.Tactic.FunProp.ContDiff:c.o (183ms)
✔ [5187/6174] Built Mathlib.Analysis.Complex.Order:c.o (908ms)
✔ [5188/6174] Built Mathlib.Tactic.LiftLets:c.o (234ms)
✔ [5189/6174] Built Batteries.Lean.HashMap:c.o (237ms)
✔ [5190/6174] Built Mathlib.Analysis.Complex.Trigonometric:c.o (653ms)
✔ [5191/6174] Built Mathlib.Data.Nat.Factorization.Defs:c.o (356ms)
✔ [5192/6174] Built Mathlib.Tactic.Measurability.Init:c.o (181ms)
✔ [5193/6174] Built Mathlib.Tactic.Monotonicity.Lemmas:c.o (162ms)
✔ [5194/6174] Built Mathlib.Tactic.Monotonicity:c.o (162ms)
✔ [5195/6174] Built Mathlib.Algebra.CharP.Basic:c.o (201ms)
✔ [5196/6174] Built Mathlib.Algebra.Order.Field.Power:c.o (3.7s)
✔ [5197/6174] Built Mathlib.Analysis.Complex.Exponential:c.o (781ms)
✔ [5198/6174] Built Mathlib.Data.Fintype.Units:c.o (268ms)
✔ [5199/6174] Built Mathlib.Algebra.Field.NegOnePow:c.o (164ms)
✔ [5200/6174] Built Mathlib.Algebra.Ring.Periodic:c.o (130ms)
✔ [5201/6174] Built Mathlib.Algebra.Field.Periodic:c.o (164ms)
✔ [5202/6174] Built Mathlib.Algebra.QuadraticDiscriminant:c.o (152ms)
✔ [5203/6174] Built Mathlib.Algebra.Algebra.Subalgebra.Operations:c.o (125ms)
✔ [5204/6174] Built Mathlib.Algebra.Ring.TransferInstance:c.o (2.6s)
✔ [5205/6174] Built Mathlib.Tactic.Generalize:c.o (506ms)
✔ [5206/6174] Built Mathlib.Tactic.Measurability:c.o (491ms)
✔ [5207/6174] Built Mathlib.Data.ZMod.IntUnitsPower:c.o (223ms)
✔ [5208/6174] Built Mathlib.Algebra.Ring.NegOnePow:c.o (259ms)
✔ [5209/6174] Built Mathlib.Algebra.Ring.Action.Submonoid:c.o (210ms)
✔ [5210/6174] Built Mathlib.Algebra.Ring.Fin:c.o (132ms)
✔ [5211/6174] Built Mathlib.GroupTheory.QuotientGroup.Finite:c.o (130ms)
✔ [5212/6174] Built Mathlib.RingTheory.Ideal.Quotient.Basic:c.o (154ms)
✔ [5213/6174] Built Mathlib.Analysis.Normed.Module.Ball.Pointwise:c.o (155ms)
✔ [5214/6174] Built Mathlib.Analysis.Normed.Group.Quotient:c.o (170ms)
✔ [5215/6174] Built Mathlib.Algebra.ModEq:c.o (227ms)
✔ [5216/6174] Built Mathlib.Data.Int.SuccPred:c.o (159ms)
✔ [5217/6174] Built Mathlib.Order.Circular:c.o (187ms)
✔ [5218/6174] Built Mathlib.Algebra.Order.ToIntervalMod:c.o (163ms)
✔ [5219/6174] Built Mathlib.Algebra.Group.Units.Opposite:c.o (177ms)
✔ [5220/6174] Built Mathlib.Algebra.Ring.AddAut:c.o (167ms)
✔ [5221/6174] Built Mathlib.Algebra.Order.Ring.GeomSum:c.o (141ms)
✔ [5222/6174] Built Mathlib.Data.Nat.Choose.Central:c.o (144ms)
✔ [5223/6174] Built Mathlib.Data.ZMod.Basic:c.o (590ms)
✔ [5224/6174] Built Mathlib.Data.Nat.Digits.Lemmas:c.o (146ms)
✔ [5225/6174] Built Mathlib.Data.Nat.Factorization.Basic:c.o (168ms)
✔ [5226/6174] Built Mathlib.Data.Nat.Choose.Factorization:c.o (168ms)
✔ [5227/6174] Built Mathlib.Data.Nat.Multiplicity:c.o (174ms)
✔ [5228/6174] Built Mathlib.Algebra.CharP.Two:c.o (120ms)
✔ [5229/6174] Built Mathlib.Tactic.Group:c.o (866ms)
✔ [5230/6174] Built Mathlib.Data.Nat.Digits.Defs:c.o (325ms)
✔ [5231/6174] Built Mathlib.Algebra.CharP.Lemmas:c.o (188ms)
✔ [5232/6174] Built Mathlib.Data.Nat.Cast.Field:c.o (158ms)
✔ [5233/6174] Built Mathlib.Algebra.Group.Nat.Range:c.o (147ms)
✔ [5234/6174] Built Mathlib.Data.Nat.Count:c.o (181ms)
✔ [5235/6174] Built Mathlib.Data.Nat.Periodic:c.o (169ms)
✔ [5236/6174] Built Mathlib.Topology.SeparatedMap:c.o (145ms)
✔ [5237/6174] Built Mathlib.Topology.IsLocalHomeomorph:c.o (121ms)
✔ [5238/6174] Built Mathlib.Analysis.SpecialFunctions.Trigonometric.Basic:c.o (654ms)
✔ [5239/6174] Built Mathlib.RingTheory.Ideal.Quotient.Operations:c.o (525ms)
✔ [5240/6174] Built Mathlib.Data.Nat.Factorization.Induction:c.o (277ms)
✔ [5241/6174] Built Mathlib.Topology.Instances.ZMultiples:c.o (180ms)
✔ [5242/6174] Built Mathlib.Topology.Instances.AddCircle.Real:c.o (181ms)
✔ [5243/6174] Built Mathlib.Analysis.Normed.Group.AddCircle:c.o (144ms)
✔ [5244/6174] Built Mathlib.Algebra.CharZero.Quotient:c.o (153ms)
✔ [5245/6174] Built Mathlib.Topology.Instances.Sign:c.o (175ms)
✔ [5246/6174] Built Mathlib.Tactic.Have:c.o (1.1s)
✔ [5247/6174] Built Mathlib.Topology.Instances.AddCircle.Defs:c.o (307ms)
✔ [5248/6174] Built Mathlib.Analysis.SpecialFunctions.Trigonometric.Angle:c.o (212ms)
✔ [5249/6174] Built Mathlib.Analysis.SpecialFunctions.Trigonometric.Inverse:c.o (167ms)
✔ [5250/6174] Built Mathlib.Analysis.SpecialFunctions.Complex.Arg:c.o (154ms)
✔ [5251/6174] Built Mathlib.Analysis.SpecialFunctions.Complex.Log:c.o (187ms)
✔ [5252/6174] Built Mathlib.Analysis.SpecialFunctions.Pow.Complex:c.o (154ms)
✔ [5253/6174] Built Mathlib.Data.Nat.Prime.Int:c.o (166ms)
✔ [5254/6174] Built Mathlib.Data.Rat.Sqrt:c.o (176ms)
✔ [5255/6174] Built Mathlib.Algebra.CharP.Frobenius:c.o (154ms)
✔ [5256/6174] Built Mathlib.Algebra.Polynomial.Derivative:c.o (138ms)
✔ [5257/6174] Built Mathlib.Algebra.Order.Floor.Ring:c.o (14s)
✔ [5258/6174] Built Mathlib.GroupTheory.Divisible:c.o (423ms)
✔ [5259/6174] Built Mathlib.Algebra.MonoidAlgebra.MapDomain:c.o (196ms)
✔ [5260/6174] Built Mathlib.Algebra.MonoidAlgebra.Basic:c.o (227ms)
✔ [5261/6174] Built Mathlib.Algebra.Polynomial.AlgebraMap:c.o (181ms)
✔ [5262/6174] Built Mathlib.Algebra.Polynomial.Inductions:c.o (139ms)
✔ [5263/6174] Built Mathlib.Algebra.Polynomial.RingDivision:c.o (143ms)
✔ [5264/6174] Built Mathlib.Algebra.Order.Group.PiLex:c.o (122ms)
✔ [5265/6174] Built Mathlib.Algebra.MonoidAlgebra.Division:c.o (274ms)
✔ [5266/6174] Built Mathlib.Algebra.Polynomial.Div:c.o (296ms)
✔ [5267/6174] Built Mathlib.Data.DFinsupp.NeLocus:c.o (160ms)
✔ [5268/6174] Built Mathlib.Algebra.Regular.Pow:c.o (159ms)
✔ [5269/6174] Built Mathlib.Data.Finsupp.Antidiagonal:c.o (199ms)
✔ [5270/6174] Built Mathlib.Algebra.MvPolynomial.Rename:c.o (134ms)
✔ [5271/6174] Built Mathlib.Algebra.MvPolynomial.Variables:c.o (153ms)
✔ [5272/6174] Built Mathlib.Tactic.NormNum.GCD:c.o (1.2s)
✔ [5273/6174] Built Mathlib.Order.PiLex:c.o (335ms)
✔ [5274/6174] Built Mathlib.Data.DFinsupp.Order:c.o (325ms)
✔ [5275/6174] Built Mathlib.Data.DFinsupp.Lex:c.o (302ms)
✔ [5276/6174] Built Mathlib.Data.Finsupp.Lex:c.o (333ms)
✔ [5277/6174] Built Mathlib.Algebra.MvPolynomial.Basic:c.o (244ms)
✔ [5278/6174] Built Mathlib.Algebra.MvPolynomial.Eval:c.o (256ms)
✔ [5279/6174] Built Mathlib.Algebra.MvPolynomial.Degrees:c.o (176ms)
✔ [5280/6174] Built Mathlib.Algebra.MvPolynomial.CommRing:c.o (177ms)
✔ [5281/6174] Built Mathlib.Data.Finsupp.Fin:c.o (211ms)
✔ [5282/6174] Built Mathlib.Algebra.BigOperators.Finsupp.Fin:c.o (199ms)
✔ [5283/6174] Built Mathlib.Algebra.Polynomial.BigOperators:c.o (143ms)
✔ [5284/6174] Built Mathlib.Order.PartialSups:c.o (163ms)
✔ [5285/6174] Built Mathlib.Algebra.Order.SuccPred.PartialSups:c.o (133ms)
✔ [5286/6174] Built Mathlib.GroupTheory.Finiteness:c.o (133ms)
✔ [5287/6174] Built Mathlib.Algebra.MvPolynomial.Equiv:c.o (218ms)
✔ [5288/6174] Built Mathlib.RingTheory.Finiteness.Defs:c.o (136ms)
✔ [5289/6174] Built Mathlib.RingTheory.Noetherian.Defs:c.o (134ms)
✔ [5290/6174] Built Mathlib.Order.IsNormal:c.o (190ms)
✔ [5291/6174] Built Mathlib.Tactic.ModCases:c.o (1.5s)
✔ [5292/6174] Built Mathlib.Data.Nat.Totient:c.o (943ms)
✔ [5293/6174] Built Mathlib.Order.SuccPred.InitialSeg:c.o (202ms)
✔ [5294/6174] Built Mathlib.SetTheory.Ordinal.Arithmetic:c.o (165ms)
✔ [5295/6174] Built Mathlib.SetTheory.Ordinal.Family:c.o (199ms)
✔ [5296/6174] Built Mathlib.SetTheory.Ordinal.Enum:c.o (155ms)
✔ [5297/6174] Built Mathlib.SetTheory.Cardinal.Arithmetic:c.o (178ms)
✔ [5298/6174] Built Mathlib.Logic.Small.List:c.o (168ms)
✔ [5299/6174] Built Mathlib.SetTheory.Ordinal.Exponential:c.o (167ms)
✔ [5300/6174] Built Mathlib.SetTheory.Ordinal.FixedPoint:c.o (220ms)
✔ [5301/6174] Built Mathlib.SetTheory.Cardinal.Pigeonhole:c.o (222ms)
✔ [5302/6174] Built Mathlib.LinearAlgebra.Basis.Cardinality:c.o (190ms)
✔ [5303/6174] Built Mathlib.LinearAlgebra.Quotient.Card:c.o (169ms)
✔ [5304/6174] Built Mathlib.LinearAlgebra.Matrix.Notation:c.o (2.2s)
✔ [5305/6174] Built Mathlib.RingTheory.Finiteness.Basic:c.o (326ms)
✔ [5306/6174] Built Mathlib.SetTheory.Cardinal.Aleph:c.o (339ms)
✔ [5307/6174] Built Mathlib.SetTheory.Cardinal.Cofinality:c.o (233ms)
✔ [5308/6174] Built Mathlib.SetTheory.Cardinal.Regular:c.o (233ms)
✔ [5309/6174] Built Mathlib.LinearAlgebra.Isomorphisms:c.o (205ms)
✔ [5310/6174] Built Mathlib.RingTheory.Finiteness.Cardinality:c.o (171ms)
✔ [5311/6174] Built Mathlib.RingTheory.Finiteness.Finsupp:c.o (161ms)
✔ [5312/6174] Built Mathlib.RingTheory.Noetherian.Basic:c.o (160ms)
✔ [5313/6174] Built Mathlib.RingTheory.Polynomial.Basic:c.o (218ms)
✔ [5314/6174] Built Mathlib.Algebra.Polynomial.Expand:c.o (147ms)
✔ [5315/6174] Built Mathlib.Algebra.Field.Equiv:c.o (185ms)
✔ [5316/6174] Built Mathlib.SetTheory.Ordinal.Basic:c.o (445ms)
✔ [5317/6174] Built Mathlib.RingTheory.Ideal.Prod:c.o (255ms)
✔ [5318/6174] Built Mathlib.GroupTheory.MonoidLocalization.MonoidWithZero:c.o (217ms)
✔ [5319/6174] Built Mathlib.RingTheory.OreLocalization.NonZeroDivisors:c.o (178ms)
✔ [5320/6174] Built Mathlib.RingTheory.Localization.Basic:c.o (205ms)
✔ [5321/6174] Built Mathlib.Analysis.SpecialFunctions.Log.Basic:c.o (1.0s)
✔ [5322/6174] Built Mathlib.RingTheory.Localization.FractionRing:c.o (242ms)
✔ [5323/6174] Built Mathlib.Algebra.Polynomial.Roots:c.o (243ms)
✔ [5324/6174] Built Mathlib.RingTheory.Adjoin.Polynomial:c.o (209ms)
✔ [5325/6174] Built Mathlib.RingTheory.Polynomial.Tower:c.o (208ms)
✔ [5326/6174] Built Mathlib.RingTheory.Algebraic.Basic:c.o (219ms)
✔ [5327/6174] Built Mathlib.Algebra.Field.Subfield.Basic:c.o (370ms)
✔ [5328/6174] Built Mathlib.GroupTheory.OreLocalization.OreSet:c.o (325ms)
✔ [5329/6174] Built Mathlib.RingTheory.OreLocalization.Basic:c.o (394ms)
✔ [5330/6174] Built Mathlib.RingTheory.OreLocalization.Ring:c.o (336ms)
✔ [5331/6174] Built Mathlib.RingTheory.Localization.Defs:c.o (326ms)
✔ [5332/6174] Built Mathlib.RingTheory.Algebraic.Defs:c.o (266ms)
✔ [5333/6174] Built Mathlib.RingTheory.Real.Irrational:c.o (277ms)
✔ [5334/6174] Built Mathlib.Data.Fintype.Parity:c.o (157ms)
✔ [5335/6174] Built Mathlib.Algebra.FreeMonoid.UniqueProds:c.o (177ms)
✔ [5336/6174] Built Mathlib.Tactic.Linarith.Oracle.FourierMotzkin:c.o (2.0s)
✔ [5337/6174] Built Mathlib.Tactic.Qify:c.o (392ms)
✔ [5338/6174] Built Mathlib.Data.Int.Range:c.o (306ms)
✔ [5339/6174] Built Mathlib.NumberTheory.MulChar.Basic:c.o (230ms)
✔ [5340/6174] Built Mathlib.NumberTheory.LegendreSymbol.ZModChar:c.o (245ms)
✔ [5341/6174] Built Mathlib.Algebra.CharP.Algebra:c.o (167ms)
✔ [5342/6174] Built Mathlib.Algebra.CharP.Reduced:c.o (182ms)
✔ [5343/6174] Built Mathlib.Algebra.Field.ZMod:c.o (217ms)
✔ [5344/6174] Built Mathlib.Data.ZMod.ValMinAbs:c.o (187ms)
✔ [5345/6174] Built Mathlib.Algebra.Algebra.Subalgebra.Prod:c.o (185ms)
✔ [5346/6174] Built Mathlib.RingTheory.Adjoin.Basic:c.o (171ms)
✔ [5347/6174] Built Mathlib.GroupTheory.MonoidLocalization.Basic:c.o (562ms)
✔ [5348/6174] Built Mathlib.Tactic.Rify:c.o (417ms)
✔ [5349/6174] Built Mathlib.Tactic.NormNum.IsCoprime:c.o (392ms)
✔ [5350/6174] Built Mathlib.Algebra.EuclideanDomain.Int:c.o (223ms)
✔ [5351/6174] Built Mathlib.Algebra.EuclideanDomain.Field:c.o (232ms)
✔ [5352/6174] Built Mathlib.Algebra.Ring.Associated:c.o (167ms)
✔ [5353/6174] Built Mathlib.Algebra.GroupWithZero.Submonoid.Primal:c.o (180ms)
✔ [5354/6174] Built Mathlib.RingTheory.UniqueFactorizationDomain.Ideal:c.o (168ms)
✔ [5355/6174] Built Mathlib.RingTheory.Noetherian.UniqueFactorizationDomain:c.o (164ms)
✔ [5356/6174] Built Mathlib.Algebra.EuclideanDomain.Defs:c.o (400ms)
✔ [5357/6174] Built Mathlib.Algebra.EuclideanDomain.Basic:c.o (293ms)
✔ [5358/6174] Built Mathlib.Algebra.GCDMonoid.Basic:c.o (296ms)
✔ [5359/6174] Built Mathlib.RingTheory.UniqueFactorizationDomain.Defs:c.o (280ms)
✔ [5360/6174] Built Mathlib.RingTheory.PrincipalIdealDomain:c.o (189ms)
✔ [5361/6174] Built Mathlib.RingTheory.Adjoin.FG:c.o (143ms)
✔ [5362/6174] Built Mathlib.RingTheory.Adjoin.Tower:c.o (205ms)
✔ [5363/6174] Built Mathlib.RingTheory.OrzechProperty:c.o (192ms)
✔ [5364/6174] Built Mathlib.RingTheory.FiniteType:c.o (214ms)
✔ [5365/6174] Built Mathlib.LinearAlgebra.InvariantBasisNumber:c.o (180ms)
✔ [5366/6174] Built Mathlib.LinearAlgebra.FreeModule.StrongRankCondition:c.o (181ms)
✔ [5367/6174] Built Mathlib.GroupTheory.OreLocalization.Basic:c.o (905ms)
✔ [5368/6174] Built Mathlib.Algebra.Module.Submodule.IterateMapComap:c.o (252ms)
✔ [5369/6174] Built Mathlib.RingTheory.Noetherian.Orzech:c.o (251ms)
✔ [5370/6174] Built Mathlib.LinearAlgebra.Basis.Submodule:c.o (238ms)
✔ [5371/6174] Built Mathlib.LinearAlgebra.Dimension.Basic:c.o (236ms)
✔ [5372/6174] Built Mathlib.LinearAlgebra.Dimension.Subsingleton:c.o (237ms)
✔ [5373/6174] Built Mathlib.LinearAlgebra.Dimension.Finrank:c.o (161ms)
✔ [5374/6174] Built Mathlib.LinearAlgebra.Dimension.StrongRankCondition:c.o (185ms)
✔ [5375/6174] Built Mathlib.LinearAlgebra.FreeModule.Finite.Basic:c.o (183ms)
✔ [5376/6174] Built Mathlib.SetTheory.Cardinal.Finsupp:c.o (253ms)
✔ [5377/6174] Built Mathlib.LinearAlgebra.Dimension.Free:c.o (241ms)
✔ [5378/6174] Built Mathlib.LinearAlgebra.FreeModule.Finite.Matrix:c.o (191ms)
✔ [5379/6174] Built Mathlib.Algebra.Polynomial.Eval.SMul:c.o (165ms)
✔ [5380/6174] Built Mathlib.Algebra.FreeAlgebra:c.o (625ms)
✔ [5381/6174] Built Mathlib.LinearAlgebra.Dimension.Constructions:c.o (231ms)
✔ [5382/6174] Built Mathlib.LinearAlgebra.Dimension.Finite:c.o (192ms)
✔ [5383/6174] Built Mathlib.FieldTheory.Finiteness:c.o (214ms)
✔ [5384/6174] Built Mathlib.RingTheory.EuclideanDomain:c.o (191ms)
✔ [5385/6174] Built Mathlib.Algebra.Polynomial.FieldDivision:c.o (225ms)
✔ [5386/6174] Built Mathlib.RingTheory.Finiteness.Bilinear:c.o (154ms)
✔ [5387/6174] Built Mathlib.RingTheory.IntegralClosure.IsIntegral.Basic:c.o (130ms)
✔ [5388/6174] Built Mathlib.Algebra.BigOperators.Associated:c.o (318ms)
✔ [5389/6174] Built Mathlib.RingTheory.UniqueFactorizationDomain.Basic:c.o (296ms)
✔ [5390/6174] Built Mathlib.RingTheory.UniqueFactorizationDomain.NormalizedFactors:c.o (315ms)
✔ [5391/6174] Built Mathlib.RingTheory.IntegralClosure.IsIntegral.Defs:c.o (294ms)
✔ [5392/6174] Built Mathlib.RingTheory.Finiteness.Subalgebra:c.o (258ms)
✔ [5393/6174] Built Mathlib.FieldTheory.Minpoly.Basic:c.o (233ms)
✔ [5394/6174] Built Mathlib.RingTheory.Finiteness.Ideal:c.o (266ms)
✔ [5395/6174] Built Mathlib.RingTheory.MvPolynomial.Tower:c.o (233ms)
✔ [5396/6174] Built Mathlib.RingTheory.FinitePresentation:c.o (233ms)
✔ [5397/6174] Built Mathlib.RingTheory.Ideal.Quotient.Noetherian:c.o (172ms)
✔ [5398/6174] Built Mathlib.Algebra.Polynomial.Eval.Subring:c.o (149ms)
✔ [5399/6174] Built Mathlib.Algebra.Polynomial.Lifts:c.o (161ms)
✔ [5400/6174] Built Mathlib.Algebra.Module.LocalizedModule.IsLocalization:c.o (252ms)
✔ [5401/6174] Built Mathlib.RingTheory.Localization.Integer:c.o (306ms)
✔ [5402/6174] Built Mathlib.RingTheory.Localization.Module:c.o (306ms)
✔ [5403/6174] Built Mathlib.Algebra.Module.LocalizedModule.Submodule:c.o (305ms)
✔ [5404/6174] Built Mathlib.LinearAlgebra.Dimension.RankNullity:c.o (294ms)
✔ [5405/6174] Built Mathlib.LinearAlgebra.Dimension.DivisionRing:c.o (317ms)
✔ [5406/6174] Built Mathlib.RingTheory.IsTensorProduct:c.o (316ms)
✔ [5407/6174] Built Mathlib.GroupTheory.MonoidLocalization.Away:c.o (309ms)
✔ [5408/6174] Built Mathlib.RingTheory.Localization.BaseChange:c.o (277ms)
✔ [5409/6174] Built Mathlib.RingTheory.OreLocalization.OreSet:c.o (277ms)
✔ [5410/6174] Built Mathlib.LinearAlgebra.Dimension.Localization:c.o (276ms)
✔ [5411/6174] Built Mathlib.Algebra.GCDMonoid.Multiset:c.o (276ms)
✔ [5412/6174] Built Qq.Macro:c.o (36s)
✔ [5413/6174] Built Mathlib.RingTheory.UniqueFactorizationDomain.Multiplicity:c.o (351ms)
✔ [5414/6174] Built Mathlib.RingTheory.Localization.Away.Basic:c.o (316ms)
✔ [5415/6174] Built Mathlib.Algebra.Polynomial.Laurent:c.o (338ms)
✔ [5416/6174] Built Mathlib.Algebra.GCDMonoid.Nat:c.o (354ms)
✔ [5417/6174] Built Mathlib.GroupTheory.Perm.Basic:c.o (293ms)
✔ [5418/6174] Built Mathlib.GroupTheory.Perm.Finite:c.o (256ms)
✔ [5419/6174] Built Mathlib.GroupTheory.Perm.List:c.o (257ms)
✔ [5420/6174] Built Mathlib.GroupTheory.Perm.Cycle.Basic:c.o (235ms)
✔ [5421/6174] Built Mathlib.GroupTheory.Perm.Closure:c.o (212ms)
✔ [5422/6174] Built Mathlib.Data.List.Iterate:c.o (160ms)
✔ [5423/6174] Built Mathlib.Data.Nat.GCD.BigOperators:c.o (160ms)
✔ [5424/6174] Built Mathlib.GroupTheory.Perm.Option:c.o (148ms)
✔ [5425/6174] Built Mathlib.LinearAlgebra.Matrix.Polynomial:c.o (122ms)
✔ [5426/6174] Built Mathlib.Tactic.MoveAdd:c.o (2.9s)
✔ [5427/6174] Built Mathlib.Combinatorics.Enumerative.Partition:c.o (464ms)
✔ [5428/6174] Built Mathlib.GroupTheory.NoncommPiCoprod:c.o (296ms)
✔ [5429/6174] Built Mathlib.GroupTheory.Perm.Cycle.Factors:c.o (270ms)
✔ [5430/6174] Built Mathlib.LinearAlgebra.Matrix.MvPolynomial:c.o (136ms)
✔ [5431/6174] Built Mathlib.Data.Rat.Floor:c.o (16s)
✔ [5432/6174] Built Mathlib.Tactic.Linter.TextBased:c.o (3.1s)
✔ [5433/6174] Built Mathlib.GroupTheory.Perm.Cycle.Type:c.o (329ms)
✔ [5434/6174] Built Mathlib.GroupTheory.Perm.Fin:c.o (340ms)
✔ [5435/6174] Built Mathlib.LinearAlgebra.Matrix.SemiringInverse:c.o (327ms)
✔ [5436/6174] Built Mathlib.LinearAlgebra.Matrix.Determinant.Basic:c.o (315ms)
✔ [5437/6174] Built Mathlib.LinearAlgebra.Matrix.Adjugate:c.o (254ms)
✔ [5438/6174] Built Mathlib.Data.Matrix.DMatrix:c.o (302ms)
✔ [5439/6174] Built Mathlib.LinearAlgebra.Matrix.Reindex:c.o (267ms)
✔ [5440/6174] Built Mathlib.Data.Matrix.Invertible:c.o (299ms)
✔ [5441/6174] Built Mathlib.LinearAlgebra.FiniteDimensional.Defs:c.o (264ms)
✔ [5442/6174] Built Mathlib.LinearAlgebra.FiniteDimensional.Basic:c.o (263ms)
✔ [5443/6174] Built Mathlib.LinearAlgebra.Matrix.Trace:c.o (242ms)
✔ [5444/6174] Built Mathlib.LinearAlgebra.Matrix.Block:c.o (216ms)
✔ [5445/6174] Built Mathlib.RingTheory.PolynomialAlgebra:c.o (213ms)
✔ [5446/6174] Built Mathlib.RingTheory.MatrixPolynomialAlgebra:c.o (166ms)
✔ [5447/6174] Built Mathlib.LinearAlgebra.Matrix.Charpoly.Basic:c.o (198ms)
✔ [5448/6174] Built Mathlib.Algebra.Module.LocalizedModule.Basic:c.o (774ms)
✔ [5449/6174] Built Mathlib.LinearAlgebra.Matrix.Transvection:c.o (334ms)
✔ [5450/6174] Built Mathlib.RingTheory.Nilpotent.Basic:c.o (270ms)
✔ [5451/6174] Built Mathlib.RingTheory.Nilpotent.Lemmas:c.o (247ms)
✔ [5452/6174] Built Mathlib.RingTheory.Polynomial.Nilpotent:c.o (219ms)
✔ [5453/6174] Built Mathlib.LinearAlgebra.Matrix.Charpoly.Coeff:c.o (199ms)
✔ [5454/6174] Built Mathlib.LinearAlgebra.Matrix.Charpoly.LinearMap:c.o (201ms)
✔ [5455/6174] Built Mathlib.RingTheory.IntegralClosure.Algebra.Basic:c.o (165ms)
✔ [5456/6174] Built Mathlib.Analysis.SpecialFunctions.Pow.Real:c.o (2.5s)
✔ [5457/6174] Built Mathlib.LinearAlgebra.Matrix.NonsingularInverse:c.o (505ms)
✔ [5458/6174] Built Mathlib.RingTheory.IntegralClosure.Algebra.Defs:c.o (201ms)
✔ [5459/6174] Built Mathlib.RingTheory.IntegralClosure.IsIntegralClosure.Defs:c.o (251ms)
✔ [5460/6174] Built Mathlib.RingTheory.Polynomial.ScaleRoots:c.o (190ms)
✔ [5461/6174] Built Mathlib.RingTheory.Polynomial.IntegralNormalization:c.o (251ms)
✔ [5462/6174] Built Mathlib.RingTheory.TensorProduct.MvPolynomial:c.o (264ms)
✔ [5463/6174] Built Mathlib.RingTheory.IntegralClosure.IsIntegralClosure.Basic:c.o (252ms)
✔ [5464/6174] Built Mathlib.RingTheory.Algebraic.Integral:c.o (263ms)
✔ [5465/6174] Built Mathlib.RingTheory.LocalRing.Defs:c.o (250ms)
✔ [5466/6174] Built Mathlib.RingTheory.LocalRing.Basic:c.o (251ms)
✔ [5467/6174] Built Mathlib.FieldTheory.Minpoly.Field:c.o (263ms)
✔ [5468/6174] Built Mathlib.RingTheory.Ideal.BigOperators:c.o (256ms)
✔ [5469/6174] Built Mathlib.RingTheory.PowerBasis:c.o (276ms)
✔ [5470/6174] Built Mathlib.RingTheory.Polynomial.Ideal:c.o (253ms)
✔ [5471/6174] Built Mathlib.RingTheory.Polynomial.Quotient:c.o (233ms)
✔ [5472/6174] Built Mathlib.Data.Nat.Factorization.LCM:c.o (203ms)
✔ [5473/6174] Built Mathlib.GroupTheory.Subgroup.Simple:c.o (193ms)
✔ [5474/6174] Built Mathlib.RingTheory.TensorProduct.Basic:c.o (1.2s)
✔ [5475/6174] Built Mathlib.LinearAlgebra.Matrix.Kronecker:c.o (641ms)
✔ [5476/6174] Built Mathlib.RingTheory.MatrixAlgebra:c.o (593ms)
✔ [5477/6174] Built Mathlib.Algebra.Polynomial.Identities:c.o (520ms)
✔ [5478/6174] Built Mathlib.RingTheory.AdjoinRoot:c.o (413ms)
✔ [5479/6174] Built Mathlib.LinearAlgebra.Matrix.Basis:c.o (309ms)
✔ [5480/6174] Built Mathlib.Data.ZMod.Aut:c.o (279ms)
✔ [5481/6174] Built Mathlib.GroupTheory.Exponent:c.o (247ms)
✔ [5482/6174] Built Mathlib.GroupTheory.SpecificGroups.Cyclic:c.o (218ms)
✔ [5483/6174] Built Mathlib.LinearAlgebra.Matrix.Nondegenerate:c.o (250ms)
✔ [5484/6174] Built Mathlib.LinearAlgebra.Matrix.ToLinearEquiv:c.o (239ms)
✔ [5485/6174] Built Mathlib.RingTheory.Norm.Defs:c.o (227ms)
✔ [5486/6174] Built Mathlib.FieldTheory.KummerPolynomial:c.o (268ms)
✔ [5487/6174] Built Mathlib.Algebra.Polynomial.CancelLeads:c.o (145ms)
✔ [5488/6174] Built Mathlib.LinearAlgebra.SModEq:c.o (502ms)
✔ [5489/6174] Built Mathlib.Data.ZMod.QuotientGroup:c.o (418ms)
✔ [5490/6174] Built Mathlib.Algebra.GCDMonoid.Finset:c.o (303ms)
✔ [5491/6174] Built Mathlib.RingTheory.IntegralDomain:c.o (378ms)
✔ [5492/6174] Built Mathlib.RingTheory.RootsOfUnity.Basic:c.o (306ms)
✔ [5493/6174] Built Mathlib.LinearAlgebra.Determinant:c.o (281ms)
✔ [5494/6174] Built Mathlib.Algebra.Polynomial.Splits:c.o (317ms)
✔ [5495/6174] Built Mathlib.RingTheory.UniqueFactorizationDomain.FactorSet:c.o (273ms)
✔ [5496/6174] Built Mathlib.RingTheory.UniqueFactorizationDomain.GCDMonoid:c.o (273ms)
✔ [5497/6174] Built Mathlib.Algebra.Squarefree.Basic:c.o (194ms)
✔ [5498/6174] Built Mathlib.RingTheory.Polynomial.Content:c.o (150ms)
✔ [5499/6174] Built Mathlib.FieldTheory.Separable:c.o (140ms)
✔ [5500/6174] Built Mathlib.FieldTheory.Perfect:c.o (127ms)
✔ [5501/6174] Built Mathlib.NumberTheory.LegendreSymbol.QuadraticChar.Basic:c.o (150ms)
✔ [5502/6174] Built Mathlib.NumberTheory.LegendreSymbol.Basic:c.o (148ms)
✔ [5503/6174] Built Mathlib.Data.Nat.Factorization.PrimePow:c.o (268ms)
✔ [5504/6174] Built Mathlib.Algebra.Order.Ring.IsNonarchimedean:c.o (245ms)
✔ [5505/6174] Built Mathlib.Data.Int.WithZero:c.o (239ms)
✔ [5506/6174] Built Mathlib.Algebra.Ring.Subsemiring.Pointwise:c.o (192ms)
✔ [5507/6174] Built Mathlib.LinearAlgebra.Matrix.GeneralLinearGroup.Defs:c.o (554ms)
✔ [5508/6174] Built Mathlib.FieldTheory.IntermediateField.Basic:c.o (429ms)
✔ [5509/6174] Built Mathlib.FieldTheory.Finite.Basic:c.o (315ms)
✔ [5510/6174] Built Mathlib.Data.PNat.Prime:c.o (279ms)
✔ [5511/6174] Built Mathlib.FieldTheory.RatFunc.Defs:c.o (314ms)
✔ [5512/6174] Built Mathlib.RingTheory.ChainOfDivisors:c.o (228ms)
✔ [5513/6174] Built Mathlib.Algebra.Ring.Subring.Pointwise:c.o (236ms)
✔ [5514/6174] Built Mathlib.Algebra.Algebra.Subalgebra.Pointwise:c.o (201ms)
✔ [5515/6174] Built Mathlib.Algebra.Ring.Action.End:c.o (255ms)
✔ [5516/6174] Built Mathlib.RingTheory.Ideal.Pointwise:c.o (201ms)
✔ [5517/6174] Built Mathlib.RingTheory.Ideal.Over:c.o (235ms)
✔ [5518/6174] Built Mathlib.RingTheory.IsPrimary:c.o (234ms)
✔ [5519/6174] Built Mathlib.RingTheory.Ideal.IsPrimary:c.o (235ms)
✔ [5520/6174] Built Mathlib.RingTheory.TwoSidedIdeal.Operations:c.o (322ms)
✔ [5521/6174] Built Mathlib.RingTheory.Jacobson.Radical:c.o (233ms)
✔ [5522/6174] Built Mathlib.RingTheory.Jacobson.Ideal:c.o (254ms)
✔ [5523/6174] Built Mathlib.RingTheory.LocalRing.MaximalIdeal.Defs:c.o (254ms)
✔ [5524/6174] Built Mathlib.RingTheory.Spectrum.Maximal.Defs:c.o (277ms)
✔ [5525/6174] Built Mathlib.RingTheory.LocalRing.MaximalIdeal.Basic:c.o (210ms)
✔ [5526/6174] Built Mathlib.RingTheory.Spectrum.Prime.Defs:c.o (334ms)
✔ [5527/6174] Built Mathlib.RingTheory.Localization.Ideal:c.o (278ms)
✔ [5528/6174] Built Mathlib.RingTheory.Ideal.MinimalPrime.Basic:c.o (247ms)
✔ [5529/6174] Built Mathlib.RingTheory.Localization.Integral:c.o (192ms)
✔ [5530/6174] Built Mathlib.RingTheory.Ideal.GoingUp:c.o (135ms)
✔ [5531/6174] Built Mathlib.RingTheory.Localization.LocalizationLocalization:c.o (226ms)
✔ [5532/6174] Built Mathlib.RingTheory.IntegralClosure.IntegrallyClosed:c.o (226ms)
✔ [5533/6174] Built Mathlib.RingTheory.Localization.NumDen:c.o (248ms)
✔ [5534/6174] Built Mathlib.RingTheory.Polynomial.RationalRoot:c.o (214ms)
✔ [5535/6174] Built Mathlib.RingTheory.DedekindDomain.Basic:c.o (214ms)
✔ [5536/6174] Built Mathlib.RingTheory.EssentialFiniteness:c.o (215ms)
✔ [5537/6174] Built Mathlib.RingTheory.Localization.Submodule:c.o (291ms)
✔ [5538/6174] Built Mathlib.RingTheory.Spectrum.Prime.Basic:c.o (213ms)
✔ [5539/6174] Built Mathlib.RingTheory.DedekindDomain.Ideal.Basic:c.o (247ms)
✔ [5540/6174] Built Mathlib.Tactic.LinearCombination':c.o (4.3s)
✔ [5541/6174] Built Mathlib.LinearAlgebra.Matrix.SpecialLinearGroup:c.o (836ms)
✔ [5542/6174] Built Mathlib.RingTheory.Localization.AtPrime.Basic:c.o (316ms)
✔ [5543/6174] Built Mathlib.RingTheory.FractionalIdeal.Operations:c.o (314ms)
✔ [5544/6174] Built Mathlib.RingTheory.FractionalIdeal.Inverse:c.o (257ms)
✔ [5545/6174] Built Mathlib.RingTheory.Localization.AsSubring:c.o (261ms)
✔ [5546/6174] Built Mathlib.RingTheory.Spectrum.Maximal.Basic:c.o (238ms)
✔ [5547/6174] Built Mathlib.RingTheory.LocalRing.ResidueField.Defs:c.o (391ms)
✔ [5548/6174] Built Mathlib.RingTheory.LocalRing.RingHom.Basic:c.o (345ms)
✔ [5549/6174] Built Mathlib.RingTheory.LocalRing.ResidueField.Basic:c.o (356ms)
✔ [5550/6174] Built Mathlib.RingTheory.LocalRing.ResidueField.Ideal:c.o (348ms)
✔ [5551/6174] Built Mathlib.RingTheory.Spectrum.Maximal.Localization:c.o (337ms)
✔ [5552/6174] Built Mathlib.RingTheory.DedekindDomain.Ideal.Lemmas:c.o (336ms)
✔ [5553/6174] Built Mathlib.RingTheory.Valuation.ExtendToLocalization:c.o (280ms)
✔ [5554/6174] Built Mathlib.Topology.Algebra.Nonarchimedean.Bases:c.o (244ms)
✔ [5555/6174] Built Mathlib.Topology.Algebra.UniformFilterBasis:c.o (212ms)
✔ [5556/6174] Built Mathlib.RingTheory.Bezout:c.o (190ms)
✔ [5557/6174] Built Mathlib.Tactic.NormNum.Irrational:c.o (2.8s)
✔ [5558/6174] Built Mathlib.RingTheory.FractionalIdeal.Basic:c.o (459ms)
✔ [5559/6174] Built Mathlib.RingTheory.Spectrum.Prime.RingHom:c.o (359ms)
✔ [5560/6174] Built Mathlib.Algebra.GroupWithZero.Submonoid.Instances:c.o (403ms)
✔ [5561/6174] Built Mathlib.Topology.Algebra.Nonarchimedean.Basic:c.o (331ms)
✔ [5562/6174] Built Mathlib.RingTheory.Valuation.Integers:c.o (237ms)
✔ [5563/6174] Built Mathlib.Algebra.Ring.Action.Field:c.o (236ms)
✔ [5564/6174] Built Mathlib.Topology.Algebra.WithZeroTopology:c.o (223ms)
✔ [5565/6174] Built Mathlib.RingTheory.Valuation.Basic:c.o (520ms)
✔ [5566/6174] Built Mathlib.RingTheory.Valuation.ValuationRing:c.o (358ms)
✔ [5567/6174] Built Mathlib.Topology.Algebra.Valued.ValuationTopology:c.o (271ms)
✔ [5568/6174] Built Mathlib.Topology.Algebra.Valued.ValuedField:c.o (396ms)
✔ [5569/6174] Built Mathlib.Algebra.CharZero.AddMonoidHom:c.o (309ms)
✔ [5570/6174] Built Mathlib.LinearAlgebra.FreeModule.PID:c.o (344ms)
✔ [5571/6174] Built Mathlib.LinearAlgebra.BilinearForm.Basic:c.o (343ms)
✔ [5572/6174] Built Mathlib.Data.W.Cardinal:c.o (240ms)
✔ [5573/6174] Built Mathlib.LinearAlgebra.Dimension.ErdosKaplansky:c.o (240ms)
✔ [5574/6174] Built Mathlib.LinearAlgebra.Dimension.FreeAndStrongRankCondition:c.o (240ms)
✔ [5575/6174] Built Mathlib.FieldTheory.RatFunc.Basic:c.o (991ms)
✔ [5576/6174] Built Mathlib.RingTheory.Valuation.ValuationSubring:c.o (410ms)
✔ [5577/6174] Built Mathlib.LinearAlgebra.BilinearForm.Hom:c.o (399ms)
✔ [5578/6174] Built Mathlib.Logic.Equiv.Multiset:c.o (420ms)
✔ [5579/6174] Built Mathlib.Logic.Equiv.Finset:c.o (255ms)
✔ [5580/6174] Built Mathlib.SetTheory.Cardinal.Subfield:c.o (297ms)
✔ [5581/6174] Built Mathlib.LinearAlgebra.Dual.Defs:c.o (296ms)
✔ [5582/6174] Built Mathlib.LinearAlgebra.FiniteDimensional.Lemmas:c.o (284ms)
✔ [5583/6174] Built Mathlib.LinearAlgebra.Matrix.InvariantBasisNumber:c.o (231ms)
✔ [5584/6174] Built Mathlib.Topology.Algebra.OpenSubgroup:c.o (567ms)
✔ [5585/6174] Built Mathlib.Data.W.Basic:c.o (387ms)
✔ [5586/6174] Built Mathlib.LinearAlgebra.Dual.Basis:c.o (396ms)
✔ [5587/6174] Built Mathlib.LinearAlgebra.SesquilinearForm.Basic:c.o (288ms)
✔ [5588/6174] Built Mathlib.RingTheory.Finiteness.Projective:c.o (287ms)
✔ [5589/6174] Built Mathlib.LinearAlgebra.Dual.Lemmas:c.o (396ms)
✔ [5590/6174] Built Mathlib.LinearAlgebra.BilinearForm.Properties:c.o (260ms)
✔ [5591/6174] Built Mathlib.LinearAlgebra.BilinearForm.DualLattice:c.o (270ms)
✔ [5592/6174] Built Mathlib.Algebra.Polynomial.GroupRingAction:c.o (258ms)
✔ [5593/6174] Built Mathlib.Algebra.Ring.Action.Invariant:c.o (276ms)
✔ [5594/6174] Built Mathlib.FieldTheory.Normal.Defs:c.o (198ms)
✔ [5595/6174] Built Mathlib.FieldTheory.Fixed:c.o (241ms)
✔ [5596/6174] Built Mathlib.Algebra.Algebra.Subalgebra.Directed:c.o (221ms)
✔ [5597/6174] Built Mathlib.Algebra.Algebra.Subalgebra.IsSimpleOrder:c.o (222ms)
✔ [5598/6174] Built Mathlib.FieldTheory.Tower:c.o (209ms)
✔ [5599/6174] Built Mathlib.FieldTheory.IntermediateField.Algebraic:c.o (221ms)
✔ [5600/6174] Built Mathlib.RingTheory.Adjoin.Field:c.o (199ms)
✔ [5601/6174] Built Mathlib.FieldTheory.SplittingField.IsSplittingField:c.o (199ms)
✔ [5602/6174] Built Mathlib.RingTheory.Valuation.ValuativeRel.Basic:c.o (671ms)
✔ [5603/6174] Built Mathlib.Logic.Encodable.Pi:c.o (723ms)
✔ [5604/6174] Built Mathlib.Data.Fintype.Order:c.o (296ms)
✔ [5605/6174] Built Mathlib.FieldTheory.IntermediateField.Adjoin.Algebra:c.o (285ms)
✔ [5606/6174] Built Mathlib.Algebra.Group.Pointwise.Set.Card:c.o (480ms)
✔ [5607/6174] Built Mathlib.RingTheory.Adjoin.Dimension:c.o (250ms)
✔ [5608/6174] Built Mathlib.RingTheory.TensorProduct.Finite:c.o (283ms)
✔ [5609/6174] Built Mathlib.FieldTheory.IntermediateField.Adjoin.Basic:c.o (283ms)
✔ [5610/6174] Built Mathlib.FieldTheory.Extension:c.o (344ms)
✔ [5611/6174] Built Mathlib.GroupTheory.Perm.ViaEmbedding:c.o (423ms)
✔ [5612/6174] Built Mathlib.GroupTheory.Solvable:c.o (193ms)
✔ [5613/6174] Built Mathlib.FieldTheory.SplittingField.Construction:c.o (226ms)
✔ [5614/6174] Built Mathlib.FieldTheory.Normal.Basic:c.o (226ms)
✔ [5615/6174] Built Mathlib.FieldTheory.Normal.Closure:c.o (234ms)
✔ [5616/6174] Built Mathlib.FieldTheory.IsAlgClosed.Basic:c.o (312ms)
✔ [5617/6174] Built Mathlib.RingTheory.UniqueFactorizationDomain.Finite:c.o (334ms)
✔ [5618/6174] Built Mathlib.RingTheory.Polynomial.UniqueFactorization:c.o (311ms)
✔ [5619/6174] Built Mathlib.FieldTheory.PrimitiveElement:c.o (323ms)
✔ [5620/6174] Built Mathlib.GroupTheory.GroupAction.FixedPoints:c.o (194ms)
✔ [5621/6174] Built Mathlib.GroupTheory.GroupAction.FixingSubgroup:c.o (304ms)
✔ [5622/6174] Built Mathlib.FieldTheory.Galois.Basic:c.o (388ms)
✔ [5623/6174] Built Mathlib.RingTheory.Polynomial.GaussLemma:c.o (282ms)
✔ [5624/6174] Built Mathlib.FieldTheory.Minpoly.IsIntegrallyClosed:c.o (282ms)
✔ [5625/6174] Built Mathlib.FieldTheory.IsAlgClosed.AlgebraicClosure:c.o (269ms)
✔ [5626/6174] Built Mathlib.Algebra.CharP.IntermediateField:c.o (282ms)
✔ [5627/6174] Built Mathlib.RingTheory.AlgebraicIndependent.Defs:c.o (388ms)
✔ [5628/6174] Built Mathlib.Combinatorics.Matroid.Init:c.o (304ms)
✔ [5629/6174] Built Mathlib.Combinatorics.Matroid.Constructions:c.o (240ms)
✔ [5630/6174] Built Mathlib.FieldTheory.Minpoly.MinpolyDiv:c.o (429ms)
✔ [5631/6174] Built Mathlib.Data.Multiset.Fintype:c.o (440ms)
✔ [5632/6174] Built Mathlib.RingTheory.AlgebraicIndependent.Adjoin:c.o (334ms)
✔ [5633/6174] Built Mathlib.Combinatorics.Matroid.IndepAxioms:c.o (322ms)
✔ [5634/6174] Built Mathlib.Combinatorics.Matroid.Dual:c.o (333ms)
✔ [5635/6174] Built Mathlib.Combinatorics.Matroid.Minor.Restrict:c.o (376ms)
✔ [5636/6174] Built Mathlib.Combinatorics.Matroid.Map:c.o (302ms)
✔ [5637/6174] Built Mathlib.Combinatorics.Matroid.Closure:c.o (355ms)
✔ [5638/6174] Built Mathlib.Combinatorics.Matroid.Rank.Finite:c.o (229ms)
✔ [5639/6174] Built Mathlib.Combinatorics.Matroid.Circuit:c.o (194ms)
✔ [5640/6174] Built Mathlib.Combinatorics.Matroid.Loop:c.o (194ms)
✔ [5641/6174] Built Mathlib.Combinatorics.Matroid.Rank.ENat:c.o (193ms)
✔ [5642/6174] Built Mathlib.Combinatorics.Matroid.Rank.Cardinal:c.o (247ms)
✔ [5643/6174] Built Mathlib.Algebra.MvPolynomial.Supported:c.o (172ms)
✔ [5644/6174] Built Mathlib.RingTheory.Algebraic.MvPolynomial:c.o (269ms)
✔ [5645/6174] Built Mathlib.Algebra.MvPolynomial.Monad:c.o (171ms)
✔ [5646/6174] Built Mathlib.Data.DFinsupp.Small:c.o (139ms)
✔ [5647/6174] Built Mathlib.RingTheory.MvPolynomial.Basic:c.o (202ms)
✔ [5648/6174] Built Mathlib.RingTheory.AlgebraicIndependent.Basic:c.o (169ms)
✔ [5649/6174] Built Mathlib.RingTheory.AlgebraicIndependent.Transcendental:c.o (212ms)
✔ [5650/6174] Built Mathlib.RingTheory.AlgebraicIndependent.TranscendenceBasis:c.o (158ms)
✔ [5651/6174] Built Mathlib.FieldTheory.SeparableDegree:c.o (149ms)
✔ [5652/6174] Built Mathlib.FieldTheory.IntermediateField.Adjoin.Defs:c.o (836ms)
✔ [5653/6174] Built Mathlib.Combinatorics.Matroid.Basic:c.o (453ms)
✔ [5654/6174] Built Mathlib.RingTheory.Polynomial.SeparableDegree:c.o (214ms)
✔ [5655/6174] Built Mathlib.FieldTheory.IsSepClosed:c.o (213ms)
✔ [5656/6174] Built Mathlib.FieldTheory.SeparableClosure:c.o (191ms)
✔ [5657/6174] Built Mathlib.FieldTheory.PurelyInseparable.Basic:c.o (203ms)
✔ [5658/6174] Built Mathlib.LinearAlgebra.Matrix.Charpoly.Minpoly:c.o (226ms)
✔ [5659/6174] Built Mathlib.Data.Nat.Factorial.SuperFactorial:c.o (281ms)
✔ [5660/6174] Built Mathlib.LinearAlgebra.Vandermonde:c.o (226ms)
✔ [5661/6174] Built Mathlib.LinearAlgebra.Basis.Bilinear:c.o (174ms)
✔ [5662/6174] Built Mathlib.LinearAlgebra.Matrix.BilinearForm:c.o (229ms)
✔ [5663/6174] Built Mathlib.LinearAlgebra.Contraction:c.o (185ms)
✔ [5664/6174] Built Mathlib.RingTheory.Finiteness.Prod:c.o (185ms)
✔ [5665/6174] Built Mathlib.LinearAlgebra.Trace:c.o (184ms)
✔ [5666/6174] Built Mathlib.LinearAlgebra.Matrix.SesquilinearForm:c.o (329ms)
✔ [5667/6174] Built Mathlib.RingTheory.TensorProduct.Free:c.o (261ms)
✔ [5668/6174] Built Mathlib.RingTheory.Trace.Defs:c.o (296ms)
✔ [5669/6174] Built Mathlib.RingTheory.Trace.Basic:c.o (297ms)
✔ [5670/6174] Built Mathlib.RingTheory.LocalProperties.Submodule:c.o (338ms)
✔ [5671/6174] Built Mathlib.CategoryTheory.Elementwise:c.o (297ms)
✔ [5672/6174] Built Mathlib.CategoryTheory.ConcreteCategory.ReflectsIso:c.o (254ms)
✔ [5673/6174] Built Mathlib.Algebra.Category.Ring.Instances:c.o (254ms)
✔ [5674/6174] Built Mathlib.CategoryTheory.IsomorphismClasses:c.o (322ms)
✔ [5675/6174] Built Mathlib.CategoryTheory.Thin:c.o (329ms)
✔ [5676/6174] Built Mathlib.CategoryTheory.Skeletal:c.o (276ms)
✔ [5677/6174] Built Mathlib.CategoryTheory.Balanced:c.o (308ms)
✔ [5678/6174] Built Mathlib.CategoryTheory.LiftingProperties.Basic:c.o (297ms)
✔ [5679/6174] Built Mathlib.CategoryTheory.Endomorphism:c.o (449ms)
✔ [5680/6174] Built Mathlib.CategoryTheory.PEmpty:c.o (453ms)
✔ [5681/6174] Built Mathlib.CategoryTheory.Category.Preorder:c.o (449ms)
✔ [5682/6174] Built Mathlib.CategoryTheory.Category.ULift:c.o (448ms)
✔ [5683/6174] Built Mathlib.CategoryTheory.EssentiallySmall:c.o (350ms)
✔ [5684/6174] Built Mathlib.CategoryTheory.CommSq:c.o (382ms)
✔ [5685/6174] Built Mathlib.CategoryTheory.Limits.Shapes.StrongEpi:c.o (296ms)
✔ [5686/6174] Built Mathlib.CategoryTheory.LiftingProperties.Adjunction:c.o (369ms)
✔ [5687/6174] Built Mathlib.CategoryTheory.Functor.EpiMono:c.o (370ms)
✔ [5688/6174] Built Mathlib.CategoryTheory.Limits.Preserves.Basic:c.o (256ms)
✔ [5689/6174] Built Mathlib.CategoryTheory.Limits.Preserves.Shapes.Terminal:c.o (270ms)
✔ [5690/6174] Built Mathlib.Algebra.Category.Grp.ForgetCorepresentable:c.o (643ms)
✔ [5691/6174] Built Mathlib.CategoryTheory.Retract:c.o (428ms)
✔ [5692/6174] Built Mathlib.CategoryTheory.Limits.HasLimits:c.o (388ms)
✔ [5693/6174] Built Mathlib.CategoryTheory.Limits.Shapes.Terminal:c.o (364ms)
✔ [5694/6174] Built Mathlib.CategoryTheory.PUnit:c.o (242ms)
✔ [5695/6174] Built Mathlib.CategoryTheory.Limits.Shapes.Pullback.HasPullback:c.o (218ms)
✔ [5696/6174] Built Mathlib.CategoryTheory.Limits.Shapes.Pullback.Iso:c.o (219ms)
✔ [5697/6174] Built Mathlib.CategoryTheory.Limits.Shapes.Pullback.Mono:c.o (302ms)
✔ [5698/6174] Built Mathlib.CategoryTheory.Limits.Shapes.ZeroObjects:c.o (146ms)
✔ [5699/6174] Built Mathlib.CategoryTheory.Limits.Preserves.Shapes.Zero:c.o (179ms)
✔ [5700/6174] Built Mathlib.CategoryTheory.Limits.Shapes.IsTerminal:c.o (691ms)
✔ [5701/6174] Built Mathlib.CategoryTheory.Limits.Shapes.Products:c.o (582ms)
✔ [5702/6174] Built Mathlib.CategoryTheory.Limits.Shapes.Pullback.Cospan:c.o (342ms)
✔ [5703/6174] Built Mathlib.CategoryTheory.Limits.Shapes.ZeroMorphisms:c.o (268ms)
✔ [5704/6174] Built Mathlib.Algebra.Category.Grp.Preadditive:c.o (252ms)
✔ [5705/6174] Built Mathlib.CategoryTheory.Limits.Types.Limits:c.o (163ms)
✔ [5706/6174] Built Mathlib.Algebra.Category.MonCat.Limits:c.o (212ms)
✔ [5707/6174] Built Mathlib.CategoryTheory.Limits.Types.Colimits:c.o (186ms)
✔ [5708/6174] Built Mathlib.CategoryTheory.Limits.Types.Images:c.o (153ms)
✔ [5709/6174] Built Mathlib.Algebra.Order.BigOperators.Expect:c.o (7.8s)
✔ [5710/6174] Built Mathlib.Algebra.Category.Ring.Basic:c.o (961ms)
✔ [5711/6174] Built Mathlib.CategoryTheory.MorphismProperty.Factorization:c.o (451ms)
✔ [5712/6174] Built Mathlib.CategoryTheory.Limits.Shapes.Images:c.o (381ms)
✔ [5713/6174] Built Mathlib.CategoryTheory.FinCategory.Basic:c.o (210ms)
✔ [5714/6174] Built Mathlib.CategoryTheory.FinCategory.AsType:c.o (127ms)
✔ [5715/6174] Built Mathlib.CategoryTheory.Limits.Shapes.FiniteLimits:c.o (194ms)
✔ [5716/6174] Built Mathlib.CategoryTheory.Filtered.Basic:c.o (180ms)
✔ [5717/6174] Built Mathlib.CategoryTheory.Limits.Types.Filtered:c.o (169ms)
✔ [5718/6174] Built Mathlib.CategoryTheory.Limits.Preserves.Limits:c.o (138ms)
✔ [5719/6174] Built Mathlib.CategoryTheory.Preadditive.Basic:c.o (541ms)
✔ [5720/6174] Built Mathlib.CategoryTheory.Limits.Types.ColimitType:c.o (315ms)
✔ [5721/6174] Built Mathlib.CategoryTheory.Limits.Types.Yoneda:c.o (196ms)
✔ [5722/6174] Built Mathlib.CategoryTheory.Limits.Preserves.Ulift:c.o (186ms)
✔ [5723/6174] Built Mathlib.CategoryTheory.Limits.ConcreteCategory.Basic:c.o (162ms)
✔ [5724/6174] Built Mathlib.Algebra.Ring.Shrink:c.o (139ms)
✔ [5725/6174] Built Mathlib.CategoryTheory.Limits.Filtered:c.o (127ms)
✔ [5726/6174] Built Mathlib.CategoryTheory.Limits.Shapes.FiniteProducts:c.o (140ms)
✔ [5727/6174] Built Mathlib.CategoryTheory.Limits.IsLimit:c.o (1.1s)
✔ [5728/6174] Built Mathlib.CategoryTheory.Limits.Yoneda:c.o (234ms)
✔ [5729/6174] Built Mathlib.Algebra.Category.Grp.Limits:c.o (228ms)
✔ [5730/6174] Built Mathlib.Algebra.Category.Ring.Limits:c.o (199ms)
✔ [5731/6174] Built Mathlib.CategoryTheory.Limits.Constructions.ZeroObjects:c.o (194ms)
✔ [5732/6174] Built Mathlib.CategoryTheory.Limits.Shapes.StrictInitial:c.o (133ms)
✔ [5733/6174] Built Mathlib.Algebra.Category.MonCat.Basic:c.o (1.3s)
✔ [5734/6174] Built Mathlib.Algebra.Category.MonCat.ForgetCorepresentable:c.o (613ms)
✔ [5735/6174] Built Mathlib.CategoryTheory.Functor.Currying:c.o (458ms)
✔ [5736/6174] Built Mathlib.CategoryTheory.Limits.FunctorCategory.Basic:c.o (397ms)
✔ [5737/6174] Built Mathlib.CategoryTheory.Limits.Constructions.BinaryProducts:c.o (305ms)
✔ [5738/6174] Built Mathlib.CategoryTheory.Limits.Shapes.Pullback.CommSq:c.o (187ms)
✔ [5739/6174] Built Mathlib.CategoryTheory.IsConnected:c.o (160ms)
✔ [5740/6174] Built Mathlib.CategoryTheory.Adjunction.Comma:c.o (171ms)
✔ [5741/6174] Built Mathlib.CategoryTheory.Limits.Shapes.Equivalence:c.o (123ms)
✔ [5742/6174] Built Mathlib.Algebra.Category.Grp.Basic:c.o (1.3s)
✔ [5743/6174] Built Mathlib.CategoryTheory.Limits.Shapes.Pullback.PullbackCone:c.o (897ms)
✔ [5744/6174] Built Mathlib.CategoryTheory.Category.Cat.AsSmall:c.o (268ms)
✔ [5745/6174] Built Mathlib.Logic.Function.Coequalizer:c.o (139ms)
✔ [5746/6174] Built Mathlib.CategoryTheory.Limits.Shapes.Grothendieck:c.o (118ms)
✔ [5747/6174] Built Mathlib.CategoryTheory.Limits.Shapes.Kernels:c.o (935ms)
✔ [5748/6174] Built Mathlib.CategoryTheory.Limits.Preserves.Shapes.Pullbacks:c.o (435ms)
✔ [5749/6174] Built Mathlib.CategoryTheory.Limits.Connected:c.o (174ms)
✔ [5750/6174] Built Mathlib.CategoryTheory.Filtered.Connected:c.o (142ms)
✔ [5751/6174] Built Mathlib.CategoryTheory.Monad.Products:c.o (124ms)
✔ [5752/6174] Built Mathlib.CategoryTheory.Limits.Shapes.Biproducts:c.o (538ms)
✔ [5753/6174] Built Mathlib.CategoryTheory.Adjunction.Limits:c.o (407ms)
✔ [5754/6174] Built Mathlib.CategoryTheory.Limits.Final:c.o (325ms)
✔ [5755/6174] Built Mathlib.CategoryTheory.HomCongr:c.o (261ms)
✔ [5756/6174] Built Mathlib.CategoryTheory.Comma.Over.Pullback:c.o (163ms)
✔ [5757/6174] Built Mathlib.CategoryTheory.Limits.Shapes.KernelPair:c.o (169ms)
✔ [5758/6174] Built Mathlib.CategoryTheory.Limits.Shapes.Diagonal:c.o (127ms)
✔ [5759/6174] Built Mathlib.CategoryTheory.MorphismProperty.Composition:c.o (127ms)
✔ [5760/6174] Built Mathlib.CategoryTheory.MorphismProperty.Limits:c.o (164ms)
✔ [5761/6174] Built Mathlib.RingTheory.RingHomProperties:c.o (119ms)
✔ [5762/6174] Built Mathlib.RingTheory.LocalProperties.Basic:c.o (125ms)
✔ [5763/6174] Built Mathlib.CategoryTheory.Limits.Shapes.BinaryProducts:c.o (1.3s)
✔ [5764/6174] Built Mathlib.Algebra.Category.Ring.Colimits:c.o (862ms)
✔ [5765/6174] Built Mathlib.CategoryTheory.Limits.Opposites:c.o (796ms)
✔ [5766/6174] Built Mathlib.CategoryTheory.Elements:c.o (505ms)
✔ [5767/6174] Built Mathlib.CategoryTheory.Adjunction.Mates:c.o (454ms)
✔ [5768/6174] Built Mathlib.CategoryTheory.Monad.Basic:c.o (454ms)
✔ [5769/6174] Built Mathlib.RingTheory.RingHom.Finite:c.o (134ms)
✔ [5770/6174] Built Mathlib.RingTheory.DedekindDomain.IntegralClosure:c.o (150ms)
✔ [5771/6174] Built Mathlib.Tactic.Positivity.Finset:c.o (9.6s)
✔ [5772/6174] Built Mathlib.CategoryTheory.Limits.Shapes.Equalizers:c.o (1.6s)
✔ [5773/6174] Built Mathlib.CategoryTheory.Limits.Shapes.BinaryBiproducts:c.o (834ms)
✔ [5774/6174] Built Mathlib.CategoryTheory.Limits.ConeCategory:c.o (689ms)
✔ [5775/6174] Built Mathlib.CategoryTheory.Limits.Shapes.RegularMono:c.o (436ms)
✔ [5776/6174] Built Mathlib.RingTheory.DedekindDomain.AdicValuation:c.o (191ms)
✔ [5777/6174] Built Mathlib.FieldTheory.RatFunc.AsPolynomial:c.o (172ms)
✔ [5778/6174] Built Mathlib.RingTheory.UniqueFactorizationDomain.Nat:c.o (157ms)
✔ [5779/6174] Built Mathlib.Data.Nat.Squarefree:c.o (214ms)
✔ [5780/6174] Built Mathlib.RingTheory.RootsOfUnity.Complex:c.o (176ms)
✔ [5781/6174] Built Mathlib.RingTheory.Polynomial.Cyclotomic.Basic:c.o (166ms)
✔ [5782/6174] Built Mathlib.CategoryTheory.Limits.Cones:c.o (1.9s)
✔ [5783/6174] Built Mathlib.CategoryTheory.Comma.StructuredArrow.Basic:c.o (1.6s)
✔ [5784/6174] Built Mathlib.CategoryTheory.Functor.TwoSquare:c.o (680ms)
✔ [5785/6174] Built Mathlib.NumberTheory.NumberField.Basic:c.o (371ms)
✔ [5786/6174] Built Mathlib.Topology.Algebra.Valued.WithVal:c.o (360ms)
✔ [5787/6174] Built Mathlib.RingTheory.RootsOfUnity.PrimitiveRoots:c.o (271ms)
✔ [5788/6174] Built Mathlib.RingTheory.Polynomial.Eisenstein.Criterion:c.o (214ms)
✔ [5789/6174] Built Mathlib.RingTheory.Polynomial.Eisenstein.Basic:c.o (179ms)
✔ [5790/6174] Built Mathlib.Algebra.GCDMonoid.IntegrallyClosed:c.o (178ms)
✔ [5791/6174] Built Mathlib.RingTheory.RootsOfUnity.Minpoly:c.o (166ms)
✔ [5792/6174] Built Mathlib.RingTheory.Polynomial.Cyclotomic.Roots:c.o (192ms)
✔ [5793/6174] Built Mathlib.NumberTheory.Cyclotomic.Basic:c.o (153ms)
✔ [5794/6174] Built Mathlib.RingTheory.Adjoin.PowerBasis:c.o (136ms)
✔ [5795/6174] Built Mathlib.RingTheory.Norm.Basic:c.o (139ms)
✔ [5796/6174] Built Mathlib.RingTheory.MvPolynomial.Symmetric.Defs:c.o (206ms)
✔ [5797/6174] Built Mathlib.RingTheory.Polynomial.Vieta:c.o (261ms)
✔ [5798/6174] Built Mathlib.CategoryTheory.Comma.Over.Basic:c.o (1.8s)
✔ [5799/6174] Built Mathlib.CategoryTheory.Limits.Shapes.Multiequalizer:c.o (996ms)
✔ [5800/6174] Built Mathlib.CategoryTheory.Limits.Types.Shapes:c.o (976ms)
✔ [5801/6174] Built Mathlib.CategoryTheory.Monad.Algebra:c.o (759ms)
✔ [5802/6174] Built Mathlib.Topology.Algebra.Polynomial:c.o (217ms)
✔ [5803/6174] Built Mathlib.Data.Nat.MaxPowDiv:c.o (218ms)
✔ [5804/6174] Built Mathlib.NumberTheory.Padics.PadicVal.Basic:c.o (218ms)
✔ [5805/6174] Built Mathlib.Analysis.Normed.Module.Ray:c.o (183ms)
✔ [5806/6174] Built Mathlib.Analysis.Convex.StrictConvexSpace:c.o (162ms)
✔ [5807/6174] Built Mathlib.Analysis.Convex.Uniform:c.o (173ms)
✔ [5808/6174] Built Mathlib.Algebra.BigOperators.Field:c.o (163ms)
✔ [5809/6174] Built Mathlib.Analysis.InnerProductSpace.Convex:c.o (216ms)
✔ [5810/6174] Built Mathlib.Analysis.Complex.Arg:c.o (215ms)
✔ [5811/6174] Built Mathlib.RingTheory.Polynomial.Cyclotomic.Eval:c.o (214ms)
✔ [5812/6174] Built Mathlib.RingTheory.Polynomial.Cyclotomic.Expand:c.o (212ms)
✔ [5813/6174] Built Mathlib.LinearAlgebra.Finsupp.Span:c.o (213ms)
✔ [5814/6174] Built Mathlib.RingTheory.Norm.Transitivity:c.o (391ms)
✔ [5815/6174] Built Mathlib.Algebra.Algebra.ZMod:c.o (254ms)
✔ [5816/6174] Built Mathlib.Order.Atoms.Finite:c.o (275ms)
✔ [5817/6174] Built Mathlib.Order.CompactlyGenerated.Intervals:c.o (252ms)
✔ [5818/6174] Built Mathlib.Control.Bifunctor:c.o (277ms)
✔ [5819/6174] Built Mathlib.Logic.Equiv.Functor:c.o (205ms)
✔ [5820/6174] Built Mathlib.Order.JordanHolder:c.o (129ms)
✔ [5821/6174] Built Mathlib.RingTheory.Ideal.Colon:c.o (195ms)
✔ [5822/6174] Built Mathlib.RingTheory.SimpleModule.Basic:c.o (150ms)
✔ [5823/6174] Built Mathlib.FieldTheory.Finite.GaloisField:c.o (183ms)
✔ [5824/6174] Built Mathlib.Analysis.Calculus.Deriv.Polynomial:c.o (150ms)
✔ [5825/6174] Built Mathlib.NumberTheory.Cyclotomic.PrimitiveRoots:c.o (253ms)
✔ [5826/6174] Built Mathlib.FieldTheory.Finite.Trace:c.o (206ms)
✔ [5827/6174] Built Mathlib.Analysis.Analytic.Uniqueness:c.o (188ms)
✔ [5828/6174] Built Mathlib.Analysis.Calculus.DiffContOnCl:c.o (141ms)
✔ [5829/6174] Built Mathlib.Analysis.Calculus.DSlope:c.o (187ms)
✔ [5830/6174] Built Mathlib.Topology.FiberBundle.IsHomeomorphicTrivialBundle:c.o (198ms)
✔ [5831/6174] Built Mathlib.Analysis.Complex.ReImTopology:c.o (198ms)
✔ [5832/6174] Built Mathlib.Data.Rat.Cardinal:c.o (177ms)
✔ [5833/6174] Built Mathlib.CategoryTheory.Limits.Shapes.Pullback.Pasting:c.o (1.4s)
✔ [5834/6174] Built Mathlib.Data.ZMod.Units:c.o (306ms)
✔ [5835/6174] Built Mathlib.Algebra.CharZero.Infinite:c.o (240ms)
✔ [5836/6174] Built Mathlib.Analysis.Real.Cardinality:c.o (203ms)
✔ [5837/6174] Built Mathlib.Order.Filter.Subsingleton:c.o (260ms)
✔ [5838/6174] Built Mathlib.Analysis.NormedSpace.RieszLemma:c.o (158ms)
✔ [5839/6174] Built Mathlib.Tactic.IntervalCases:c.o (8.0s)
✔ [5840/6174] Built Mathlib.Analysis.InnerProductSpace.Basic:c.o (603ms)
✔ [5841/6174] Built Mathlib.SetTheory.Cardinal.Continuum:c.o (292ms)
✔ [5842/6174] Built Mathlib.Analysis.Analytic.IsolatedZeros:c.o (325ms)
✔ [5843/6174] Built Mathlib.Analysis.SpecialFunctions.Complex.CircleMap:c.o (267ms)
✔ [5844/6174] Built Mathlib.Analysis.Normed.Group.Lemmas:c.o (270ms)
✔ [5845/6174] Built Mathlib.LinearAlgebra.AffineSpace.Restrict:c.o (280ms)
✔ [5846/6174] Built Mathlib.Topology.Algebra.AffineSubspace:c.o (222ms)
✔ [5847/6174] Built Mathlib.Topology.Algebra.Module.Simple:c.o (211ms)
✔ [5848/6174] Built Mathlib.Algebra.Category.Ring.Constructions:c.o (1.7s)
✔ [5849/6174] Built Mathlib.Order.RelSeries:c.o (539ms)
✔ [5850/6174] Built Mathlib.Order.Filter.EventuallyConst:c.o (357ms)
✔ [5851/6174] Built Mathlib.Topology.Algebra.Module.Determinant:c.o (211ms)
✔ [5852/6174] Built Mathlib.Topology.Algebra.Module.ModuleTopology:c.o (220ms)
✔ [5853/6174] Built Mathlib.Topology.Algebra.SeparationQuotient.FiniteDimensional:c.o (211ms)
✔ [5854/6174] Built Mathlib.Topology.Algebra.Module.FiniteDimension:c.o (264ms)
✔ [5855/6174] Built Mathlib.Topology.Instances.Matrix:c.o (264ms)
✔ [5856/6174] Built Mathlib.LinearAlgebra.Dimension.LinearMap:c.o (253ms)
✔ [5857/6174] Built Mathlib.MeasureTheory.MeasurableSpace.Basic:c.o (261ms)
✔ [5858/6174] Built Mathlib.Analysis.InnerProductSpace.Defs:c.o (843ms)
✔ [5859/6174] Built Mathlib.Analysis.Normed.Module.FiniteDimension:c.o (352ms)
✔ [5860/6174] Built Mathlib.Data.Finset.Update:c.o (362ms)
✔ [5861/6174] Built Mathlib.Data.Prod.TProd:c.o (315ms)
✔ [5862/6174] Built Mathlib.MeasureTheory.MeasurableSpace.Defs:c.o (373ms)
✔ [5863/6174] Built Mathlib.GroupTheory.GroupAction.IterateAct:c.o (316ms)
✔ [5864/6174] Built Mathlib.Order.Disjointed:c.o (229ms)
✔ [5865/6174] Built Mathlib.MeasureTheory.MeasurableSpace.Constructions:c.o (250ms)
✔ [5866/6174] Built Mathlib.MeasureTheory.MeasurableSpace.MeasurablyGenerated:c.o (229ms)
✔ [5867/6174] Built Mathlib.Algebra.Order.Group.Indicator:c.o (207ms)
✔ [5868/6174] Built Mathlib.MeasureTheory.OuterMeasure.Defs:c.o (197ms)
✔ [5869/6174] Built Mathlib.MeasureTheory.OuterMeasure.Basic:c.o (198ms)
✔ [5870/6174] Built Mathlib.CategoryTheory.Grothendieck:c.o (1.6s)
✔ [5871/6174] Built Mathlib.MeasureTheory.MeasurableSpace.Instances:c.o (329ms)
✔ [5872/6174] Built Mathlib.MeasureTheory.MeasurableSpace.EventuallyMeasurable:c.o (240ms)
✔ [5873/6174] Built Mathlib.MeasureTheory.OuterMeasure.Operations:c.o (321ms)
✔ [5874/6174] Built Mathlib.MeasureTheory.OuterMeasure.OfFunction:c.o (265ms)
✔ [5875/6174] Built Mathlib.MeasureTheory.OuterMeasure.Caratheodory:c.o (164ms)
✔ [5876/6174] Built Mathlib.MeasureTheory.Measure.AEDisjoint:c.o (321ms)
✔ [5877/6174] Built Mathlib.MeasureTheory.Measure.Map:c.o (169ms)
✔ [5878/6174] Built Mathlib.Tactic.NormNum.BigOperators:c.o (8.4s)
✔ [5879/6174] Built Mathlib.Topology.Algebra.ContinuousAffineMap:c.o (678ms)
✔ [5880/6174] Built Mathlib.MeasureTheory.MeasurableSpace.Embedding:c.o (431ms)
✔ [5881/6174] Built Mathlib.MeasureTheory.PiSystem:c.o (387ms)
✔ [5882/6174] Built Mathlib.MeasureTheory.OuterMeasure.Induced:c.o (298ms)
✔ [5883/6174] Built Mathlib.MeasureTheory.Measure.NullMeasurable:c.o (258ms)
✔ [5884/6174] Built Mathlib.MeasureTheory.Measure.MeasureSpace:c.o (281ms)
✔ [5885/6174] Built Mathlib.MeasureTheory.Measure.AbsolutelyContinuous:c.o (245ms)
✔ [5886/6174] Built Mathlib.MeasureTheory.OuterMeasure.BorelCantelli:c.o (225ms)
✔ [5887/6174] Built Mathlib.MeasureTheory.Measure.Comap:c.o (225ms)
✔ [5888/6174] Built Mathlib.MeasureTheory.Measure.Restrict:c.o (214ms)
✔ [5889/6174] Built Mathlib.MeasureTheory.Measure.Typeclasses.Finite:c.o (246ms)
✔ [5890/6174] Built Mathlib.MeasureTheory.Measure.Trim:c.o (212ms)
✔ [5891/6174] Built Mathlib.Data.Set.MemPartition:c.o (204ms)
✔ [5892/6174] Built Mathlib.MeasureTheory.MeasurableSpace.CountablyGenerated:c.o (179ms)
✔ [5893/6174] Built Mathlib.Topology.GDelta.Basic:c.o (157ms)
✔ [5894/6174] Built Mathlib.Analysis.Normed.Affine.Isometry:c.o (778ms)
✔ [5895/6174] Built Mathlib.MeasureTheory.Measure.QuasiMeasurePreserving:c.o (269ms)
✔ [5896/6174] Built Mathlib.MeasureTheory.Measure.Typeclasses.SFinite:c.o (246ms)
✔ [5897/6174] Built Mathlib.Order.Filter.CountableSeparatingOn:c.o (212ms)
✔ [5898/6174] Built Mathlib.MeasureTheory.Measure.AEMeasurable:c.o (179ms)
✔ [5899/6174] Built Mathlib.MeasureTheory.Group.Arithmetic:c.o (179ms)
✔ [5900/6174] Built Mathlib.Topology.Separation.GDelta:c.o (157ms)
✔ [5901/6174] Built Mathlib.Topology.GDelta.MetrizableSpace:c.o (145ms)
✔ [5902/6174] Built Mathlib.MeasureTheory.Constructions.BorelSpace.ContinuousLinearMap:c.o (168ms)
✔ [5903/6174] Built Mathlib.MeasureTheory.Function.AEMeasurableSequence:c.o (211ms)
✔ [5904/6174] Built Mathlib.MeasureTheory.Measure.Typeclasses.NoAtoms:c.o (144ms)
✔ [5905/6174] Built Mathlib.Topology.Instances.Real.Lemmas:c.o (145ms)
✔ [5906/6174] Built Mathlib.MeasureTheory.Order.Lattice:c.o (179ms)
✔ [5907/6174] Built Mathlib.MeasureTheory.Constructions.BorelSpace.Order:c.o (188ms)
✔ [5908/6174] Built Mathlib.MeasureTheory.Constructions.BorelSpace.Metric:c.o (179ms)
✔ [5909/6174] Built Mathlib.MeasureTheory.MeasurableSpace.Prod:c.o (157ms)
✔ [5910/6174] Built Mathlib.MeasureTheory.Constructions.BorelSpace.Real:c.o (255ms)
✔ [5911/6174] Built Mathlib.Topology.Metrizable.Real:c.o (245ms)
✔ [5912/6174] Built Mathlib.Topology.IndicatorConstPointwise:c.o (234ms)
✔ [5913/6174] Built Mathlib.MeasureTheory.Constructions.BorelSpace.Metrizable:c.o (246ms)
✔ [5914/6174] Built Mathlib.MeasureTheory.Measure.MeasureSpaceDef:c.o (697ms)
✔ [5915/6174] Built Mathlib.MeasureTheory.Function.SimpleFuncDense:c.o (278ms)
✔ [5916/6174] Built Mathlib.MeasureTheory.Function.StronglyMeasurable.Basic:c.o (312ms)
✔ [5917/6174] Built Mathlib.Analysis.Calculus.FDeriv.Measurable:c.o (243ms)
✔ [5918/6174] Built Mathlib.Analysis.LocallyConvex.Polar:c.o (278ms)
✔ [5919/6174] Built Mathlib.Analysis.Convex.Cone.Extension:c.o (279ms)
✔ [5920/6174] Built Mathlib.Analysis.RCLike.Extend:c.o (268ms)
✔ [5921/6174] Built Mathlib.Analysis.Normed.Module.RCLike.Extend:c.o (268ms)
✔ [5922/6174] Built Mathlib.Analysis.RCLike.Lemmas:c.o (268ms)
✔ [5923/6174] Built Mathlib.MeasureTheory.Integral.Lebesgue.DominatedConvergence:c.o (124ms)
✔ [5924/6174] Built Mathlib.MeasureTheory.Function.StronglyMeasurable.AEStronglyMeasurable:c.o (368ms)
✔ [5925/6174] Built Mathlib.Topology.Algebra.Module.WeakBilin:c.o (347ms)
✔ [5926/6174] Built Mathlib.Analysis.NormedSpace.HahnBanach.Extension:c.o (313ms)
✔ [5927/6174] Built Mathlib.Analysis.Convex.TotallyBounded:c.o (280ms)
✔ [5928/6174] Built Mathlib.Analysis.LocallyConvex.AbsConvex:c.o (258ms)
✔ [5929/6174] Built Mathlib.Analysis.Normed.Module.Dual:c.o (311ms)
✔ [5930/6174] Built Mathlib.Combinatorics.Enumerative.InclusionExclusion:c.o (300ms)
✔ [5931/6174] Built Mathlib.MeasureTheory.Integral.Lebesgue.Markov:c.o (264ms)
✔ [5932/6174] Built Mathlib.MeasureTheory.OuterMeasure.AE:c.o (920ms)
✔ [5933/6174] Built Mathlib.Geometry.Convex.Cone.Basic:c.o (478ms)
✔ [5934/6174] Built Mathlib.Analysis.Normed.Module.RCLike.Basic:c.o (444ms)
✔ [5935/6174] Built Mathlib.MeasureTheory.Integral.Lebesgue.Norm:c.o (246ms)
✔ [5936/6174] Built Mathlib.Dynamics.Ergodic.MeasurePreserving:c.o (269ms)
✔ [5937/6174] Built Mathlib.MeasureTheory.Integral.Lebesgue.Map:c.o (246ms)
✔ [5938/6174] Built Mathlib.MeasureTheory.Measure.MutuallySingular:c.o (246ms)
✔ [5939/6174] Built Mathlib.MeasureTheory.Measure.Typeclasses.Probability:c.o (246ms)
✔ [5940/6174] Built Mathlib.MeasureTheory.Measure.Dirac:c.o (224ms)
✔ [5941/6174] Built Mathlib.Data.Real.ENatENNReal:c.o (235ms)
✔ [5942/6174] Built Mathlib.MeasureTheory.Integral.Lebesgue.Add:c.o (378ms)
✔ [5943/6174] Built Mathlib.MeasureTheory.Integral.Lebesgue.Sub:c.o (399ms)
✔ [5944/6174] Built Mathlib.Topology.Algebra.InfiniteSum.ENNReal:c.o (300ms)
✔ [5945/6174] Built Mathlib.MeasureTheory.Measure.Count:c.o (244ms)
✔ [5946/6174] Built Mathlib.MeasureTheory.Integral.Lebesgue.Countable:c.o (334ms)
✔ [5947/6174] Built Mathlib.MeasureTheory.Measure.Decomposition.Exhaustion:c.o (323ms)
✔ [5948/6174] Built Mathlib.MeasureTheory.Group.Defs:c.o (334ms)
✔ [5949/6174] Built Mathlib.MeasureTheory.Measure.GiryMonad:c.o (333ms)
✔ [5950/6174] Built Mathlib.MeasureTheory.Measure.OpenPos:c.o (267ms)
✔ [5951/6174] Built Mathlib.MeasureTheory.Measure.Prod:c.o (266ms)
✔ [5952/6174] Built Mathlib.Dynamics.Minimal:c.o (267ms)
✔ [5953/6174] Built Mathlib.MeasureTheory.Group.MeasurableEquiv:c.o (319ms)
✔ [5954/6174] Built Mathlib.MeasureTheory.Measure.Regular:c.o (235ms)
✔ [5955/6174] Built Mathlib.MeasureTheory.Group.Action:c.o (246ms)
✔ [5956/6174] Built Mathlib.Topology.ContinuousMap.CocompactMap:c.o (246ms)
✔ [5957/6174] Built Mathlib.MeasureTheory.Group.Measure:c.o (147ms)
✔ [5958/6174] Built Mathlib.MeasureTheory.Measure.WithDensity:c.o (189ms)
✔ [5959/6174] Built Mathlib.MeasureTheory.Group.Convolution:c.o (320ms)
✔ [5960/6174] Built Mathlib.MeasureTheory.Group.Prod:c.o (280ms)
✔ [5961/6174] Built Mathlib.MeasureTheory.Group.LIntegral:c.o (279ms)
✔ [5962/6174] Built Mathlib.MeasureTheory.Function.Egorov:c.o (280ms)
✔ [5963/6174] Built Mathlib.Analysis.SpecialFunctions.Pow.Asymptotics:c.o (235ms)
✔ [5964/6174] Built Mathlib.Analysis.SpecialFunctions.Pow.Continuity:c.o (225ms)
✔ [5965/6174] Built Mathlib.Analysis.Normed.Group.Indicator:c.o (235ms)
✔ [5966/6174] Built Mathlib.CategoryTheory.Limits.Shapes.Pullback.Assoc:c.o (2.5s)
✔ [5967/6174] Built Mathlib.MeasureTheory.Function.SimpleFunc:c.o (813ms)
✔ [5968/6174] Built Mathlib.MeasureTheory.Function.L1Space.HasFiniteIntegral:c.o (346ms)
✔ [5969/6174] Built Mathlib.Topology.Compactness.CompactlyCoherentSpace:c.o (211ms)
✔ [5970/6174] Built Mathlib.Topology.UniformSpace.CompactConvergence:c.o (234ms)
✔ [5971/6174] Built Mathlib.CategoryTheory.Limits.Shapes.WidePullbacks:c.o (3.7s)
✔ [5972/6174] Built Mathlib.CategoryTheory.Limits.Creates:c.o (3.3s)
✔ [5973/6174] Built Mathlib.MeasureTheory.Constructions.BorelSpace.Basic:c.o (1.0s)
✔ [5974/6174] Built Mathlib.Analysis.LConvolution:c.o (431ms)
✔ [5975/6174] Built Mathlib.Order.Filter.ENNReal:c.o (285ms)
✔ [5976/6174] Built Mathlib.Probability.UniformOn:c.o (285ms)
✔ [5977/6174] Built Mathlib.MeasureTheory.Function.EssSup:c.o (263ms)
✔ [5978/6174] Built Mathlib.MeasureTheory.Function.LpSeminorm.Defs:c.o (285ms)
✔ [5979/6174] Built Mathlib.MeasureTheory.Constructions.BorelSpace.Complex:c.o (273ms)
✔ [5980/6174] Built Mathlib.MeasureTheory.Function.SpecialFunctions.Basic:c.o (243ms)
✔ [5981/6174] Built Mathlib.MeasureTheory.Function.LpSeminorm.Basic:c.o (275ms)
✔ [5982/6174] Built Mathlib.Data.ENNReal.Holder:c.o (232ms)
✔ [5983/6174] Built Mathlib.Analysis.Convex.Slope:c.o (331ms)
✔ [5984/6174] Built Mathlib.Analysis.Convex.SpecificFunctions.Basic:c.o (295ms)
✔ [5985/6174] Built Mathlib.Data.Real.ConjExponents:c.o (238ms)
✔ [5986/6174] Built Mathlib.Analysis.MeanInequalitiesPow:c.o (183ms)
✔ [5987/6174] Built Mathlib.MeasureTheory.Function.LpSeminorm.ChebyshevMarkov:c.o (354ms)
✔ [5988/6174] Built Mathlib.Analysis.MeanInequalities:c.o (240ms)
✔ [5989/6174] Built Mathlib.Order.Monotone.Monovary:c.o (240ms)
✔ [5990/6174] Built Mathlib.Algebra.Order.Monovary:c.o (242ms)
✔ [5991/6174] Built Mathlib.Analysis.Convex.Mul:c.o (240ms)
✔ [5992/6174] Built Mathlib.MeasureTheory.Integral.MeanInequalities:c.o (275ms)
✔ [5993/6174] Built Mathlib.MeasureTheory.Function.LpSeminorm.CompareExp:c.o (275ms)
✔ [5994/6174] Built Mathlib.MeasureTheory.Function.LpSeminorm.TriangleInequality:c.o (240ms)
✔ [5995/6174] Built Mathlib.MeasureTheory.Function.LpOrder:c.o (276ms)
✔ [5996/6174] Built Mathlib.MeasureTheory.Function.LpSpace.Indicator:c.o (201ms)
✔ [5997/6174] Built Mathlib.Probability.ConditionalProbability:c.o (596ms)
✔ [5998/6174] Built Mathlib.MeasureTheory.Function.LpSpace.Complete:c.o (295ms)
✔ [5999/6174] Built Mathlib.MeasureTheory.Function.ConvergenceInMeasure:c.o (277ms)
✔ [6000/6174] Built Mathlib.MeasureTheory.Function.StronglyMeasurable.Lemmas:c.o (266ms)
✔ [6001/6174] Built Mathlib.MeasureTheory.Function.L1Space.Integrable:c.o (300ms)
✔ [6002/6174] Built Mathlib.MeasureTheory.Measure.Real:c.o (300ms)
✔ [6003/6174] Built Mathlib.Order.Filter.IndicatorFunction:c.o (257ms)
✔ [6004/6174] Built Mathlib.MeasureTheory.Function.LocallyIntegrable:c.o (204ms)
✔ [6005/6174] Built Mathlib.MeasureTheory.Function.L1Space.AEEqFun:c.o (238ms)
✔ [6006/6174] Built Mathlib.Analysis.Normed.Operator.Completeness:c.o (237ms)
✔ [6007/6174] Built Mathlib.MeasureTheory.Integral.SetToL1:c.o (237ms)
✔ [6008/6174] Built Mathlib.NumberTheory.ArithmeticFunction:c.o (2.7s)
✔ [6009/6174] Built Mathlib.MeasureTheory.Integral.FinMeasAdditive:c.o (385ms)
✔ [6010/6174] Built Mathlib.Algebra.Module.MinimalAxioms:c.o (315ms)
✔ [6011/6174] Built Mathlib.Topology.Algebra.Indicator:c.o (292ms)
✔ [6012/6174] Built Mathlib.Topology.Bornology.BoundedOperation:c.o (224ms)
✔ [6013/6174] Built Mathlib.Topology.ContinuousMap.Star:c.o (245ms)
✔ [6014/6174] Built Mathlib.Topology.ContinuousMap.Bounded.Star:c.o (215ms)
✔ [6015/6174] Built Mathlib.Topology.QuasiSeparated:c.o (215ms)
✔ [6016/6174] Built Mathlib.MeasureTheory.Integral.Lebesgue.Basic:c.o (1.2s)
✔ [6017/6174] Built Mathlib.MeasureTheory.Function.LpSpace.Basic:c.o (523ms)
✔ [6018/6174] Built Mathlib.MeasureTheory.Integral.IntegrableOn:c.o (418ms)
✔ [6019/6174] Built Mathlib.MeasureTheory.Function.SimpleFuncDenseLp:c.o (397ms)
✔ [6020/6174] Built Mathlib.Topology.NoetherianSpace:c.o (259ms)
✔ [6021/6174] Built Mathlib.Topology.MetricSpace.ThickenedIndicator:c.o (225ms)
✔ [6022/6174] Built Mathlib.MeasureTheory.Integral.Bochner.FundThmCalculus:c.o (203ms)
✔ [6023/6174] Built Mathlib.Analysis.Convex.Gauge:c.o (203ms)
✔ [6024/6174] Built Mathlib.Order.Filter.Germ.Basic:c.o (863ms)
✔ [6025/6174] Built Mathlib.MeasureTheory.Function.AEEqFun:c.o (852ms)
✔ [6026/6174] Built Mathlib.MeasureTheory.Integral.Bochner.L1:c.o (537ms)
✔ [6027/6174] Built Mathlib.Topology.Sets.Compacts:c.o (345ms)
✔ [6028/6174] Built Mathlib.Topology.ContinuousMap.Compact:c.o (375ms)
✔ [6029/6174] Built Mathlib.MeasureTheory.Integral.Bochner.Set:c.o (292ms)
✔ [6030/6174] Built Mathlib.MeasureTheory.Integral.Bochner.VitaliCaratheodory:c.o (300ms)
✔ [6031/6174] Built Mathlib.Algebra.Central.Defs:c.o (266ms)
✔ [6032/6174] Built Mathlib.Analysis.NormedSpace.HahnBanach.Separation:c.o (266ms)
✔ [6033/6174] Built Mathlib.Analysis.NormedSpace.HahnBanach.SeparatingDual:c.o (299ms)
✔ [6034/6174] Built Mathlib.MeasureTheory.Integral.Bochner.ContinuousLinearMap:c.o (268ms)
✔ [6035/6174] Built Mathlib.LinearAlgebra.Matrix.Diagonal:c.o (314ms)
✔ [6036/6174] Built Mathlib.MeasureTheory.Constructions.Pi:c.o (292ms)
✔ [6037/6174] Built Mathlib.MeasureTheory.Measure.Content:c.o (213ms)
✔ [6038/6174] Built Mathlib.Topology.Algebra.Group.Compact:c.o (212ms)
✔ [6039/6174] Built Mathlib.Topology.ContinuousMap.Bounded.Basic:c.o (527ms)
✔ [6040/6174] Built Mathlib.Topology.ContinuousMap.Bounded.Normed:c.o (458ms)
✔ [6041/6174] Built Mathlib.MeasureTheory.MeasurableSpace.Pi:c.o (293ms)
✔ [6042/6174] Built Mathlib.Topology.Order.LeftRightLim:c.o (267ms)
✔ [6043/6174] Built Mathlib.MeasureTheory.Measure.Stieltjes:c.o (247ms)
✔ [6044/6174] Built Mathlib.MeasureTheory.Measure.Haar.Basic:c.o (245ms)
✔ [6045/6174] Built Mathlib.Analysis.InnerProductSpace.Projection.Minimal:c.o (400ms)
✔ [6046/6174] Built Mathlib.Analysis.InnerProductSpace.Continuous:c.o (357ms)
✔ [6047/6174] Built Mathlib.Topology.Baire.Lemmas:c.o (290ms)
✔ [6048/6174] Built Mathlib.Topology.Baire.CompleteMetrizable:c.o (247ms)
✔ [6049/6174] Built Mathlib.Analysis.Normed.Operator.Banach:c.o (303ms)
✔ [6050/6174] Built Mathlib.Topology.ContinuousMap.ContinuousMapZero:c.o (582ms)
✔ [6051/6174] Built Mathlib.MeasureTheory.Integral.Marginal:c.o (447ms)
✔ [6052/6174] Built Mathlib.Analysis.InnerProductSpace.Orthonormal:c.o (436ms)
✔ [6053/6174] Built Mathlib.Analysis.InnerProductSpace.Orthogonal:c.o (362ms)
✔ [6054/6174] Built Mathlib.Analysis.InnerProductSpace.Symmetric:c.o (339ms)
✔ [6055/6174] Built Mathlib.Analysis.InnerProductSpace.Projection.Basic:c.o (328ms)
✔ [6056/6174] Built Mathlib.Algebra.DirectSum.Decomposition:c.o (316ms)
✔ [6057/6174] Built Mathlib.Analysis.InnerProductSpace.Projection.FiniteDimensional:c.o (338ms)
✔ [6058/6174] Built Mathlib.MeasureTheory.Measure.Haar.OfBasis:c.o (257ms)
✔ [6059/6174] Built Mathlib.MeasureTheory.Measure.Lebesgue.Basic:c.o (245ms)
✔ [6060/6174] Built Mathlib.MeasureTheory.Integral.DominatedConvergence:c.o (235ms)
✔ [6061/6174] Built Mathlib.Analysis.InnerProductSpace.LinearMap:c.o (522ms)
✔ [6062/6174] Built Mathlib.Analysis.InnerProductSpace.Subspace:c.o (553ms)
✔ [6063/6174] Built Mathlib.Analysis.InnerProductSpace.Projection.Reflection:c.o (402ms)
✔ [6064/6174] Built Mathlib.Analysis.InnerProductSpace.Projection.Submodule:c.o (402ms)
✔ [6065/6174] Built Mathlib.Analysis.Normed.Lp.ProdLp:c.o (363ms)
✔ [6066/6174] Built Mathlib.Analysis.Normed.Lp.PiLp:c.o (397ms)
✔ [6067/6174] Built Mathlib.Data.Matrix.Reflection:c.o (396ms)
✔ [6068/6174] Built Mathlib.LinearAlgebra.UnitaryGroup:c.o (373ms)
✔ [6069/6174] Built Mathlib.Analysis.SpecialFunctions.NonIntegrable:c.o (318ms)
✔ [6070/6174] Built Mathlib.Order.Fin.Tuple:c.o (228ms)
✔ [6071/6174] Built Mathlib.Topology.ContinuousMap.Algebra:c.o (1.4s)
✔ [6072/6174] Built Mathlib.Analysis.Normed.Lp.WithLp:c.o (446ms)
✔ [6073/6174] Built Mathlib.MeasureTheory.Topology:c.o (341ms)
✔ [6074/6174] Built Mathlib.MeasureTheory.Integral.IntervalIntegral.FundThmCalculus:c.o (457ms)
✔ [6075/6174] Built Mathlib.Analysis.BoxIntegral.Box.SubboxInduction:c.o (216ms)
✔ [6076/6174] Built Mathlib.Analysis.BoxIntegral.Partition.Basic:c.o (217ms)
✔ [6077/6174] Built Mathlib.Analysis.BoxIntegral.Partition.Tagged:c.o (193ms)
✔ [6078/6174] Built Mathlib.Analysis.BoxIntegral.Partition.SubboxInduction:c.o (139ms)
✔ [6079/6174] Built Mathlib.Analysis.BoxIntegral.Partition.Split:c.o (159ms)
✔ [6080/6174] Built Mathlib.Analysis.BoxIntegral.Partition.Measure:c.o (158ms)
✔ [6081/6174] Built Mathlib.Analysis.BoxIntegral.DivergenceTheorem:c.o (212ms)
✔ [6082/6174] Built Mathlib.Analysis.BoxIntegral.Integrability:c.o (201ms)
✔ [6083/6174] Built Mathlib.MeasureTheory.Function.LpSeminorm.Prod:c.o (171ms)
✔ [6084/6174] Built Mathlib.MeasureTheory.Integral.CircleIntegral:c.o (425ms)
✔ [6085/6174] Built Mathlib.Analysis.BoxIntegral.Box.Basic:c.o (336ms)
✔ [6086/6174] Built Mathlib.Analysis.BoxIntegral.Partition.Filter:c.o (266ms)
✔ [6087/6174] Built Mathlib.Analysis.Oscillation:c.o (224ms)
✔ [6088/6174] Built Mathlib.Analysis.BoxIntegral.Basic:c.o (244ms)
✔ [6089/6174] Built Mathlib.MeasureTheory.Integral.Prod:c.o (160ms)
✔ [6090/6174] Built Mathlib.LinearAlgebra.Orientation:c.o (196ms)
✔ [6091/6174] Built Mathlib.Analysis.InnerProductSpace.Orientation:c.o (185ms)
✔ [6092/6174] Built Mathlib.MeasureTheory.Group.Pointwise:c.o (196ms)
✔ [6093/6174] Built Mathlib.Analysis.SpecialFunctions.Log.Base:c.o (196ms)
✔ [6094/6174] Built Mathlib.MeasureTheory.Measure.Doubling:c.o (175ms)
✔ [6095/6174] Built Mathlib.Analysis.BoxIntegral.Partition.Additive:c.o (412ms)
✔ [6096/6174] Built Mathlib.Analysis.InnerProductSpace.GramSchmidtOrtho:c.o (261ms)
✔ [6097/6174] Built Mathlib.Data.Int.Log:c.o (283ms)
✔ [6098/6174] Built Mathlib.MeasureTheory.Measure.Lebesgue.EqHaar:c.o (240ms)
✔ [6099/6174] Built Mathlib.MeasureTheory.Measure.Haar.InnerProductSpace:c.o (229ms)
✔ [6100/6174] Built Mathlib.MeasureTheory.Measure.Lebesgue.Complex:c.o (229ms)
✔ [6101/6174] Built Mathlib.Analysis.Complex.CauchyIntegral:c.o (229ms)
✔ [6102/6174] Built Mathlib.Analysis.Complex.Liouville:c.o (253ms)
✔ [6103/6174] Built Mathlib.FieldTheory.PolynomialGaloisGroup:c.o (242ms)
✔ [6104/6174] Built Mathlib.Analysis.Complex.Cardinality:c.o (241ms)
✔ [6105/6174] Built Mathlib.LinearAlgebra.Complex.FiniteDimensional:c.o (241ms)
✔ [6106/6174] Built Mathlib.Analysis.Complex.Polynomial.Basic:c.o (178ms)
✔ [6107/6174] Built Mathlib.NumberTheory.LegendreSymbol.AddCharacter:c.o (265ms)
✔ [6108/6174] Built Mathlib.Algebra.CharP.CharAndCard:c.o (265ms)
✔ [6109/6174] Built Mathlib.NumberTheory.GaussSum:c.o (265ms)
✔ [6110/6174] Built Mathlib.NumberTheory.LegendreSymbol.QuadraticChar.GaussSum:c.o (265ms)
✔ [6111/6174] Built Mathlib.NumberTheory.LegendreSymbol.QuadraticReciprocity:c.o (245ms)
✔ [6112/6174] Built Mathlib.Tactic.Order.CollectFacts:c.o (20s)
✔ [6113/6174] Built Mathlib.MeasureTheory.Integral.IntervalIntegral.Basic:c.o (801ms)
✔ [6114/6174] Built Mathlib.MeasureTheory.Integral.DivergenceTheorem:c.o (515ms)
✔ [6115/6174] Built Mathlib.Data.Nat.Fib.Basic:c.o (307ms)
✔ [6116/6174] Built Mathlib.NumberTheory.LegendreSymbol.JacobiSymbol:c.o (492ms)
✔ [6117/6174] Built Mathlib.Tactic.NormNum.NatSqrt:c.o (387ms)
✔ [6118/6174] Built Mathlib.Tactic.Polyrith:c.o (333ms)
✔ [6119/6174] Built Mathlib.Tactic.ReduceModChar.Ext:c.o (297ms)
✔ [6120/6174] Built Mathlib.Tactic.NormNum.PowMod:c.o (412ms)
✔ [6121/6174] Built Mathlib.Tactic.RewriteSearch:c.o (442ms)
✔ [6122/6174] Built Harsanyi.Core.Basic:c.o (121ms)
✔ [6123/6174] Built Mathlib.Analysis.InnerProductSpace.PiL2:c.o (1.1s)
✔ [6124/6174] Built Mathlib.Tactic.NormNum.NatFib:c.o (661ms)
✔ [6125/6174] Built Mathlib.Tactic.NormNum.NatLog:c.o (580ms)
✔ [6126/6174] Built Mathlib.Tactic.Simproc.Divisors:c.o (390ms)
✔ [6127/6174] Built Harsanyi.Core.Mobius:c.o (121ms)
✔ [6128/6174] Built Harsanyi.Core.Properties:c.o (112ms)
✔ [6129/6174] Built Harsanyi.Core.Shapley:c.o (119ms)
✔ [6130/6174] Built Mathlib.Tactic.NormNum.Prime:c.o (638ms)
✔ [6131/6174] Built Mathlib.Tactic.Replace:c.o (597ms)
✔ [6132/6174] Built Harsanyi:c.o (124ms)
✔ [6133/6174] Built Consumer:c.o (127ms)
✔ [6134/6174] Built Mathlib.Tactic.NormNum.LegendreSymbol:c.o (881ms)
✔ [6135/6174] Built ProofWidgets.Component.HtmlDisplay:c.o (476ms)
✔ [6136/6174] Built Mathlib.Tactic.NormNum.NatFactorial:c.o (1.0s)
✔ [6137/6174] Built Mathlib.Tactic.Widget.GCongr:c.o (725ms)
✔ [6138/6174] Built ProofWidgets.Component.Panel.Basic:c.o (689ms)
✔ [6139/6174] Built Mathlib.Tactic:c.o (560ms)
✔ [6140/6174] Built Mathlib.Tactic.Ring.NamePolyVars:c.o (948ms)
✔ [6141/6174] Built ProofWidgets.Component.PenroseDiagram:c.o (998ms)
✔ [6142/6174] Built Mathlib.Tactic.NormNum.ModEq:c.o (1.3s)
✔ [6143/6174] Built Mathlib.Tactic.Recall:c.o (1.2s)
✔ [6144/6174] Built ProofWidgets.Presentation.Expr:c.o (1.2s)
✔ [6145/6174] Built Mathlib.Util.Superscript:c.o (2.2s)
✔ [6146/6174] Built Mathlib.Tactic.Simproc.Factors:c.o (1.4s)
✔ [6147/6174] Built Mathlib.Tactic.PNatToNat:c.o (1.7s)
✔ [6148/6174] Built Mathlib.Tactic.ProdAssoc:c.o (1.6s)
✔ [6149/6174] Built Mathlib.Analysis.SpecialFunctions.Pow.NNReal:c.o (3.6s)
✔ [6150/6174] Built Mathlib.Tactic.NormNum.Parity:c.o (2.1s)
✔ [6151/6174] Built Mathlib.Tactic.ITauto:c.o (12s)
✔ [6152/6174] Built Mathlib.Tactic.NormNum.RealSqrt:c.o (2.5s)
✔ [6153/6174] Built Mathlib.Tactic.ReduceModChar:c.o (2.7s)
✔ [6154/6174] Built Mathlib.MeasureTheory.Integral.Bochner.Basic:c.o (3.0s)
✔ [6155/6174] Built Mathlib.Tactic.Widget.CommDiag:c.o (2.6s)
✔ [6156/6174] Built Main (3.1s)
✔ [6157/6174] Built Main:c.o (368ms)
✔ [6158/6174] Built Mathlib.Tactic.Positivity.Basic:c.o (29s)
✔ [6159/6174] Built Mathlib.Tactic.Sat.FromLRAT:c.o (4.5s)
✔ [6160/6174] Built Mathlib.Tactic.CategoryTheory.Bicategory.Normalize:c.o (35s)
✔ [6161/6174] Built Mathlib.Tactic.NormNum.Ordinal:c.o (5.0s)
✔ [6162/6174] Built Mathlib.Tactic.CategoryTheory.Bicategory.Datatypes:c.o (36s)
✔ [6163/6174] Built Mathlib.Tactic.CategoryTheory.Monoidal.Normalize:c.o (35s)
✔ [6164/6174] Built Mathlib.Tactic.CategoryTheory.Monoidal.Datatypes:c.o (37s)
✔ [6165/6174] Built Mathlib.Algebra.Order.Module.Algebra:c.o (29s)
✔ [6166/6174] Built Mathlib.Tactic.Ring.Basic:c.o (45s)
✔ [6167/6174] Built Mathlib.Tactic.CC.Addition:c.o (51s)
✔ [6168/6174] Built Mathlib.Tactic.CategoryTheory.Coherence.Normalize:c.o (70s)
✔ [6169/6174] Built Mathlib.Tactic.CategoryTheory.Bicategory.Basic:c.o (76s)
✔ [6170/6174] Built Mathlib.Tactic.CategoryTheory.Monoidal.Basic:c.o (80s)
✔ [6171/6174] Built Mathlib.Tactic.FieldSimp:c.o (104s)
✔ [6172/6174] Built Mathlib.Tactic.Module:c.o (139s)
✔ [6173/6174] Built Mathlib.Tactic.Widget.StringDiagram:c.o (128s)
✔ [6174/6174] Built demo:exe (1.1s)
Build completed successfully (6174 jobs).
